,date,btc_price,bch_price,eth_price,ltc_price,doge_price,dash_price,xmr_price,xrp_price
0,2019-04-01,4148.0,167.521,141.265,60.402,0.00246,111.961,58.397,0.313
1,2019-03-31,4103.0,167.272,141.459,60.333,0.00208,105.654,54.332,0.31
2,2019-03-30,4103.0,167.874,142.857,60.759,0.00208,97.687,53.643,0.313
3,2019-03-29,4080.0,169.652,140.268,60.964,0.00208,97.376,53.195,0.308
4,2019-03-28,4032.0,168.41,138.322,60.692,0.00206,94.092,52.92,0.31
5,2019-03-27,4014.0,166.711,137.827,60.631,0.00205,91.875,52.743,0.31
6,2019-03-26,3933.0,157.305,133.834,58.498,0.00203,88.589,50.8,0.301
7,2019-03-25,3974.0,161.939,135.079,59.399,0.00201,90.632,52.062,0.307
8,2019-03-24,3989.0,163.845,136.269,59.764,0.00201,91.538,52.559,0.31
9,2019-03-23,4000.0,164.046,136.949,60.333,0.00202,90.984,52.62,0.312
10,2019-03-22,3999.0,155.116,136.278,58.961,0.00202,90.398,52.636,0.313
11,2019-03-21,4026.0,156.065,137.617,59.437,0.00203,91.513,53.485,0.312
12,2019-03-20,4021.0,157.658,138.281,59.641,0.00204,91.824,54.407,0.319
13,2019-03-19,4003.0,159.235,138.25,59.329,0.00206,91.27,52.962,0.319
14,2019-03-18,3993.0,160.333,138.526,59.79,0.00206,92.174,52.281,0.317
15,2019-03-17,3988.0,152.332,139.094,60.664,0.00205,91.011,52.5,0.317
16,2019-03-16,4006.0,154.804,141.208,60.972,0.00206,91.455,53.542,0.319
17,2019-03-15,3904.0,137.544,134.993,57.428,0.00203,89.942,51.406,0.315
18,2019-03-14,3874.0,131.324,132.092,55.762,0.00201,88.701,50.448,0.313
19,2019-03-13,3871.0,127.908,132.266,55.82,0.00203,90.744,50.259,0.317
20,2019-03-12,3871.0,127.995,133.189,55.531,0.00198,85.44,49.275,0.31
21,2019-03-11,3889.0,129.273,133.746,55.448,0.00194,81.557,48.997,0.31
22,2019-03-10,3916.0,131.407,135.818,56.811,0.00196,81.717,49.305,0.316
23,2019-03-09,3915.0,132.183,136.834,57.554,0.00196,81.685,49.647,0.314
24,2019-03-08,3896.0,129.234,136.622,56.412,0.00196,81.663,49.589,0.313
25,2019-03-07,3884.0,131.497,137.878,56.44,0.00197,82.609,50.139,0.317
26,2019-03-06,3857.0,131.276,137.35,54.032,0.00195,81.839,49.07,0.318
27,2019-03-05,3786.0,127.861,131.161,49.026,0.00194,80.23,47.921,0.314
28,2019-03-04,3746.0,124.722,127.019,46.294,0.00193,78.468,47.359,0.306
29,2019-03-03,3819.0,131.108,133.003,48.247,0.00198,81.637,48.549,0.313
30,2019-03-02,3826.0,130.958,133.712,47.98,0.00197,82.259,48.164,0.316
31,2019-03-01,3837.0,131.476,136.494,47.087,0.00195,82.885,48.162,0.322
32,2019-02-28,3833.0,131.49,136.84,45.769,0.00194,81.493,48.361,0.316
33,2019-02-27,3819.0,131.757,136.62,44.884,0.00197,80.414,48.105,0.319
34,2019-02-26,3823.0,133.214,136.88,45.098,0.00198,81.43,48.1,0.323
35,2019-02-25,3822.0,133.14,138.7,45.07,0.00198,81.815,48.44,0.309
36,2019-02-24,4020.0,145.724,154.091,49.202,0.00204,87.178,52.329,0.304
37,2019-02-23,4006.0,144.136,150.915,49.554,0.00205,86.072,51.774,0.319
38,2019-02-22,3958.0,143.231,147.482,49.228,0.00203,85.211,50.857,0.321
39,2019-02-21,3942.0,142.763,145.791,49.37,0.00204,85.022,50.32,0.323
40,2019-02-20,3943.0,143.95,145.404,49.518,0.00205,85.863,51.113,0.328
41,2019-02-19,3935.0,146.085,147.256,47.846,0.00207,87.318,51.931,0.338
42,2019-02-18,3796.0,134.785,141.388,45.818,0.00204,82.418,49.506,0.316
43,2019-02-17,3620.0,121.711,126.224,43.37,0.002,78.53,46.708,0.3
44,2019-02-16,3617.0,121.929,122.815,43.455,0.00191,79.017,47.206,0.303
45,2019-02-15,3601.0,121.602,121.848,42.089,0.00189,78.206,47.12,0.3
46,2019-02-14,3601.0,121.792,122.125,41.457,0.00189,78.819,47.559,0.304
47,2019-02-13,3617.0,122.559,122.62,42.67,0.00189,80.968,49.281,0.303
48,2019-02-12,3611.0,121.071,120.728,43.318,0.00187,81.666,47.952,0.301
49,2019-02-11,3637.0,123.513,121.136,43.806,0.00188,78.174,47.799,0.306
50,2019-02-10,3645.0,124.716,118.598,44.533,0.0019,73.36,47.952,0.304
51,2019-02-09,3650.0,127.92,119.015,43.793,0.00191,74.223,48.078,0.308
52,2019-02-08,3481.0,120.528,110.199,37.441,0.00186,69.151,45.268,0.301
53,2019-02-07,3392.0,115.585,104.614,33.081,0.00181,66.276,43.184,0.294
54,2019-02-06,3400.0,114.382,103.437,32.702,0.00182,65.936,42.607,0.293
55,2019-02-05,3446.0,119.496,106.849,34.004,0.00187,67.212,42.885,0.298
56,2019-02-04,3442.0,118.691,107.14,33.757,0.00188,66.427,42.478,0.301
57,2019-02-03,3454.0,119.152,108.197,33.773,0.0019,66.623,42.894,0.304
58,2019-02-02,3459.0,118.118,107.304,33.012,0.00191,66.593,43.158,0.306
59,2019-02-01,3455.0,115.127,106.614,32.303,0.0019,67.024,43.516,0.308
60,2019-01-31,3459.0,115.814,108.037,31.664,0.00191,68.012,43.698,0.311
61,2019-01-30,3464.0,114.089,107.303,31.447,0.0019,67.847,43.774,0.316
62,2019-01-29,3432.0,110.817,105.267,30.928,0.00189,67.358,43.368,0.292
63,2019-01-28,3474.0,112.64,106.711,31.034,0.00193,67.368,44.148,0.287
64,2019-01-27,3578.0,124.468,114.997,32.73,0.00201,71.586,45.801,0.31
65,2019-01-26,3601.0,127.111,116.77,33.285,0.00202,73.32,45.987,0.317
66,2019-01-25,3580.0,127.069,116.484,32.562,0.00202,73.206,45.839,0.316
67,2019-01-24,3576.0,128.789,116.778,31.957,0.00201,72.039,45.541,0.317
68,2019-01-23,3592.0,130.829,118.474,31.879,0.00202,71.745,45.435,0.318
69,2019-01-22,3573.0,123.878,117.819,31.221,0.00204,70.152,45.332,0.32
70,2019-01-21,3558.0,122.028,117.306,30.923,0.00205,68.922,44.05,0.32
71,2019-01-20,3638.0,125.79,121.361,31.845,0.00209,70.698,44.89,0.321
72,2019-01-19,3689.0,128.58,123.553,32.029,0.00208,72.159,45.68,0.331
73,2019-01-18,3637.0,127.948,121.682,31.21,0.00207,70.992,45.08,0.326
74,2019-01-17,3623.0,128.132,121.923,31.031,0.00208,70.698,45.372,0.328
75,2019-01-16,3626.0,128.41,122.689,31.363,0.00207,70.67,45.205,0.331
76,2019-01-15,3661.0,131.592,127.336,31.935,0.00209,71.087,45.585,0.33
77,2019-01-14,3604.0,128.668,122.009,31.068,0.00209,71.193,44.263,0.331
78,2019-01-13,3600.0,129.637,122.19,31.688,0.00209,71.651,44.285,0.331
79,2019-01-12,3648.0,135.169,126.634,32.087,0.0021,73.048,45.039,0.33
80,2019-01-11,3662.0,131.73,127.396,32.933,0.00211,73.313,45.711,0.335
81,2019-01-10,3825.0,144.719,136.803,35.454,0.00216,77.455,48.093,0.343
82,2019-01-09,4036.0,160.537,152.211,39.405,0.00225,83.573,53.355,0.366
83,2019-01-08,4031.0,161.033,151.113,39.201,0.00225,82.072,53.311,0.371
84,2019-01-07,4052.0,166.015,154.772,38.445,0.00228,84.194,53.384,0.367
85,2019-01-06,3925.0,162.74,155.829,37.398,0.00229,82.137,51.555,0.358
86,2019-01-05,3861.0,162.469,159.119,34.172,0.00228,80.675,50.585,0.36
87,2019-01-04,3821.0,160.509,152.948,32.012,0.00228,80.501,50.1,0.353
88,2019-01-03,3874.0,166.354,152.232,32.321,0.00236,82.645,50.743,0.364
89,2019-01-02,3865.0,164.976,149.513,32.461,0.00239,82.473,50.139,0.368
90,2019-01-01,3744.0,160.604,136.343,30.65,0.00235,78.924,46.273,0.353
91,2018-12-31,3804.0,157.177,137.043,30.943,0.00236,80.948,47.439,0.359
92,2018-12-30,3835.0,162.571,138.414,31.639,0.00237,81.712,48.095,0.367
93,2018-12-29,3915.0,169.605,139.101,32.235,0.00239,82.699,49.136,0.375
94,2018-12-28,3746.0,156.924,124.293,29.979,0.00235,79.041,47.336,0.362
95,2018-12-27,3766.0,164.5,125.008,29.632,0.00238,80.327,46.92,0.364
96,2018-12-26,3833.0,176.05,131.842,30.913,0.00244,83.987,49.706,0.368
97,2018-12-25,3829.0,166.753,130.099,31.05,0.00242,83.306,50.169,0.372
98,2018-12-24,4175.0,201.47,147.378,35.275,0.00259,96.154,57.063,0.434
99,2018-12-23,4039.0,198.731,130.171,33.178,0.00253,89.781,53.806,0.367
100,2018-12-22,3919.0,193.518,112.105,30.948,0.00245,87.004,51.274,0.355
101,2018-12-21,4034.0,203.923,114.237,31.677,0.00261,90.771,53.403,0.369
102,2018-12-20,3984.0,164.083,109.127,31.196,0.00267,81.209,50.296,0.373
103,2018-12-19,3813.0,124.87,104.493,30.593,0.00269,77.519,48.395,0.375
104,2018-12-18,3575.0,98.592,95.574,29.14,0.00257,70.915,44.378,0.334
105,2018-12-17,3417.0,89.774,90.414,28.037,0.00223,67.619,41.951,0.303
106,2018-12-16,3298.0,87.545,87.252,26.082,0.00213,64.062,40.191,0.291
107,2018-12-15,3256.0,84.646,84.6,23.872,0.00209,60.056,38.866,0.283
108,2018-12-14,3302.0,91.651,86.052,23.44,0.00208,60.448,41.639,0.294
109,2018-12-13,3433.0,109.133,89.755,24.123,0.0021,63.908,42.886,0.304
110,2018-12-12,3483.0,107.522,90.69,24.652,0.00211,66.09,43.996,0.309
111,2018-12-11,3459.0,110.229,90.017,24.22,0.0021,66.917,43.63,0.298
112,2018-12-10,3554.0,113.063,92.799,25.142,0.00212,71.299,46.164,0.305
113,2018-12-09,3561.0,112.793,94.24,25.864,0.00213,71.94,47.028,0.314
114,2018-12-08,3449.0,105.86,91.506,25.003,0.00213,67.749,46.675,0.3
115,2018-12-07,3415.0,107.323,87.853,25.262,0.00211,62.655,45.21,0.304
116,2018-12-06,3756.0,128.794,99.984,28.909,0.00219,75.136,50.714,0.335
117,2018-12-05,3900.0,153.186,107.517,30.632,0.00223,82.037,54.71,0.346
118,2018-12-04,3981.0,170.142,110.908,31.647,0.0022,86.287,56.744,0.356
119,2018-12-03,4004.0,179.566,112.055,32.099,0.00218,88.563,56.913,0.361
120,2018-12-02,4192.0,189.819,117.759,34.141,0.00223,94.106,60.102,0.369
121,2018-12-01,4140.0,193.75,116.635,33.277,0.00222,94.347,59.511,0.372
122,2018-11-30,4129.0,200.231,115.711,32.698,0.00219,93.549,59.174,0.36
123,2018-11-29,4271.0,200.498,119.394,34.262,0.00222,97.293,62.134,0.381
124,2018-11-28,4118.0,198.878,117.631,33.449,0.00218,95.7,61.416,0.386
125,2018-11-27,3776.0,187.083,107.211,30.071,0.00205,88.873,54.484,0.35
126,2018-11-26,3933.0,195.228,113.082,30.75,0.00216,90.931,56.782,0.354
127,2018-11-25,3850.0,183.042,110.624,29.174,0.0022,88.904,56.611,0.351
128,2018-11-24,4310.0,216.999,122.893,32.021,0.00236,100.73,65.663,0.403
129,2018-11-23,4325.0,213.24,123.4,32.01,0.00235,99.986,65.126,0.409
130,2018-11-22,4541.0,240.251,133.841,34.12,0.00242,110.655,68.976,0.44
131,2018-11-21,4528.0,250.619,134.412,33.511,0.00231,109.613,68.279,0.437
132,2018-11-20,4632.0,248.528,139.783,34.638,0.00231,106.618,69.772,0.451
133,2018-11-19,5285.0,289.303,160.029,38.619,0.00254,119.695,80.343,0.475
134,2018-11-18,5633.0,341.476,177.237,42.659,0.0026,135.083,90.161,0.519
135,2018-11-17,5571.0,327.664,174.96,42.065,0.00264,134.506,87.013,0.479
136,2018-11-16,5612.0,378.022,178.525,43.18,0.00278,138.607,88.309,0.474
137,2018-11-15,5605.0,422.299,178.889,43.135,0.00267,138.054,88.301,0.448
138,2018-11-14,6158.0,484.476,197.907,47.72,0.00282,155.331,99.991,0.497
139,2018-11-13,6405.0,520.889,209.794,50.656,0.00303,162.783,105.514,0.518
140,2018-11-12,6426.0,524.085,211.986,51.024,0.00309,163.809,106.621,0.521
141,2018-11-11,6411.0,541.171,211.684,51.546,0.00321,160.914,104.371,0.502
142,2018-11-10,6424.0,551.0,212.522,52.357,0.00322,161.66,106.432,0.506
143,2018-11-09,6429.0,572.108,211.482,52.293,0.00321,163.123,107.383,0.499
144,2018-11-08,6503.0,595.704,215.126,53.529,0.00349,169.647,110.537,0.512
145,2018-11-07,6547.0,623.376,219.677,54.964,0.00366,167.255,111.672,0.529
146,2018-11-06,6454.0,584.221,213.392,54.504,0.00369,168.378,112.395,0.529
147,2018-11-05,6451.0,557.256,209.288,53.63,0.00367,165.994,111.407,0.465
148,2018-11-04,6414.0,539.959,204.127,52.981,0.00375,159.846,108.636,0.455
149,2018-11-03,6385.0,470.956,200.281,51.193,0.00379,155.309,105.776,0.456
150,2018-11-02,6410.0,444.109,200.748,51.234,0.00381,154.757,105.481,0.46
151,2018-11-01,6361.0,425.106,198.251,50.056,0.00379,153.282,103.929,0.453
152,2018-10-31,6330.0,422.336,196.904,49.485,0.00384,154.324,104.064,0.442
153,2018-10-30,6331.0,418.994,196.55,49.252,0.00389,153.037,102.355,0.445
154,2018-10-29,6406.0,428.971,200.635,50.61,0.00393,153.57,103.213,0.442
155,2018-10-28,6483.0,439.523,204.054,52.036,0.00412,155.625,103.544,0.458
156,2018-10-27,6491.0,440.155,203.71,52.259,0.0042,155.99,105.007,0.455
157,2018-10-26,6493.0,442.127,203.227,52.434,0.0039,155.944,106.327,0.457
158,2018-10-25,6502.0,445.283,202.807,52.608,0.00383,156.705,106.809,0.456
159,2018-10-24,6530.0,448.592,204.735,52.971,0.00402,158.329,108.829,0.46
160,2018-10-23,6511.0,447.061,203.783,52.759,0.00428,154.395,108.637,0.442
161,2018-10-22,6537.0,452.613,205.705,53.016,0.00448,154.591,106.262,0.453
162,2018-10-21,6574.0,457.117,207.884,53.845,0.00463,157.414,106.747,0.463
163,2018-10-20,6526.0,448.0,206.083,53.611,0.00458,156.45,105.681,0.459
164,2018-10-19,6514.0,441.948,204.01,53.242,0.00447,155.105,105.446,0.452
165,2018-10-18,6595.0,450.708,207.491,53.68,0.00456,160.026,106.988,0.463
166,2018-10-17,6609.0,456.762,210.319,54.163,0.00483,163.767,107.903,0.463
167,2018-10-16,6642.0,463.141,210.881,54.985,0.00516,165.358,108.293,0.454
168,2018-10-15,6614.0,461.869,209.49,54.846,0.00528,163.523,106.099,0.447
169,2018-10-14,6335.0,449.994,200.705,53.531,0.00525,161.888,103.316,0.419
170,2018-10-13,6288.0,448.225,199.558,53.746,0.00523,159.475,102.936,0.419
171,2018-10-12,6278.0,444.371,196.354,52.769,0.00525,158.399,102.401,0.426
172,2018-10-11,6284.0,452.536,201.827,52.553,0.00521,164.708,103.84,0.41
173,2018-10-10,6581.0,513.892,225.622,57.937,0.00562,178.855,112.794,0.466
174,2018-10-09,6639.0,522.063,228.517,58.975,0.00564,181.486,113.837,0.476
175,2018-10-08,6630.0,525.609,227.439,58.675,0.00545,181.607,114.127,0.491
176,2018-10-07,6580.0,513.477,224.157,57.819,0.00559,180.332,113.544,0.478
177,2018-10-06,6598.0,514.323,225.822,58.105,0.00561,182.784,114.404,0.493
178,2018-10-05,6584.0,514.932,223.003,58.179,0.00568,181.249,114.338,0.519
179,2018-10-04,6583.0,522.165,223.753,58.635,0.00571,181.033,114.596,0.534
180,2018-10-03,6484.0,517.648,219.977,57.722,0.00574,178.418,113.951,0.527
181,2018-10-02,6579.0,539.082,228.564,60.391,0.0059,185.488,115.075,0.563
182,2018-10-01,6610.0,533.822,230.629,60.741,0.00597,187.017,115.35,0.551
183,2018-09-30,6610.0,536.259,232.889,61.099,0.00591,187.789,115.449,0.61
184,2018-09-29,6568.0,533.267,226.64,61.004,0.00587,187.663,115.11,0.562
185,2018-09-28,6683.0,549.608,225.946,62.527,0.00591,191.582,118.128,0.529
186,2018-09-27,6528.0,546.507,218.836,60.442,0.00582,188.401,116.176,0.524
187,2018-09-26,6470.0,470.983,215.064,57.637,0.00576,188.181,114.734,0.547
188,2018-09-25,6424.0,440.83,214.33,56.324,0.00571,186.524,113.5,0.458
189,2018-09-24,6645.0,474.037,236.38,58.991,0.0058,197.586,119.18,0.531
190,2018-09-23,6712.0,489.259,242.354,61.392,0.00585,206.037,123.786,0.568
191,2018-09-22,6714.0,483.761,240.704,59.907,0.00574,204.203,122.143,0.571
192,2018-09-21,6667.0,478.733,229.965,58.294,0.00577,205.781,119.843,0.587
193,2018-09-20,6423.0,431.813,210.605,54.336,0.00573,191.75,112.15,0.369
194,2018-09-19,6352.0,431.171,209.437,53.826,0.00573,190.99,110.014,0.318
195,2018-09-18,6307.0,427.684,203.297,52.894,0.00611,185.132,109.673,0.321
196,2018-09-17,6408.0,438.983,212.796,55.109,0.00633,192.235,115.38,0.278
197,2018-09-16,6491.0,441.689,218.053,56.287,0.00635,188.171,116.619,0.278
198,2018-09-15,6523.0,452.809,218.581,57.435,0.00622,190.682,119.603,0.283
199,2018-09-14,6507.0,457.26,213.086,55.137,0.00631,191.723,113.585,0.275
200,2018-09-13,6450.0,447.59,197.248,53.634,0.00652,190.235,109.944,0.275
201,2018-09-12,6287.0,425.178,176.072,50.009,0.00633,179.167,101.039,0.26
202,2018-09-11,6312.0,458.604,190.005,53.104,0.0064,194.723,105.958,0.263
203,2018-09-10,6307.0,475.695,196.245,54.541,0.00631,202.257,106.385,0.275
204,2018-09-09,6308.0,479.284,197.313,54.468,0.00574,190.103,105.394,0.286
205,2018-09-08,6380.0,493.791,212.06,55.519,0.00562,191.324,110.451,0.294
206,2018-09-07,6463.0,509.01,222.844,56.751,0.00522,181.54,114.607,0.293
207,2018-09-06,6442.0,506.632,226.147,55.774,0.00493,171.979,113.011,0.286
208,2018-09-05,7145.0,583.677,264.905,64.048,0.00514,203.049,129.1,0.306
209,2018-09-04,7332.0,632.285,287.556,67.593,0.00521,217.599,137.297,0.339
210,2018-09-03,7269.0,631.668,289.961,65.144,0.00526,211.891,126.026,0.339
211,2018-09-02,7249.0,637.229,294.518,65.663,0.00544,214.37,121.113,0.341
212,2018-09-01,7114.0,581.444,290.451,64.838,0.00572,210.596,120.687,0.338
213,2018-08-31,6994.0,540.332,281.008,60.871,0.00387,188.89,109.524,0.328
214,2018-08-30,6947.0,540.107,281.98,60.07,0.00295,181.644,100.207,0.326
215,2018-08-29,7067.0,559.331,292.25,62.081,0.00262,192.86,104.863,0.35
216,2018-08-28,6997.0,553.202,288.3,61.238,0.00254,184.446,104.889,0.349
217,2018-08-27,6733.0,529.581,276.849,57.659,0.00242,150.575,97.16,0.328
218,2018-08-26,6691.0,523.667,273.774,56.885,0.00241,141.898,92.611,0.323
219,2018-08-25,6731.0,535.175,279.654,57.877,0.00242,143.721,93.787,0.326
220,2018-08-24,6566.0,530.509,276.374,57.051,0.00238,140.639,90.464,0.325
221,2018-08-23,6445.0,522.549,273.504,55.792,0.00235,138.779,89.831,0.323
222,2018-08-22,6592.0,540.906,281.285,56.813,0.00245,144.513,94.104,0.341
223,2018-08-21,6411.0,528.261,278.005,55.195,0.00239,142.677,94.181,0.333
224,2018-08-20,6462.0,552.943,291.302,56.6,0.00243,150.836,98.494,0.339
225,2018-08-19,6412.0,561.464,297.009,57.379,0.00241,154.12,97.022,0.348
226,2018-08-18,6459.0,573.038,302.88,58.307,0.00245,159.058,99.153,0.344
227,2018-08-17,6474.0,546.056,299.95,57.87,0.00238,158.565,95.604,0.317
228,2018-08-16,6351.0,520.878,288.016,55.768,0.00228,153.764,90.683,0.288
229,2018-08-15,6377.0,519.523,287.24,56.128,0.00233,152.993,90.08,0.289
230,2018-08-14,6064.0,492.129,263.702,52.078,0.00217,138.101,82.456,0.266
231,2018-08-13,6356.0,564.028,308.434,58.511,0.0024,160.686,93.467,0.307
232,2018-08-12,6316.0,572.869,321.542,59.685,0.0024,166.806,94.347,0.302
233,2018-08-11,6195.0,558.51,318.651,57.065,0.00239,166.451,91.877,0.296
234,2018-08-10,6414.0,594.736,356.341,61.73,0.00252,182.251,97.559,0.34
235,2018-08-09,6398.0,599.452,361.315,63.02,0.00247,178.55,99.196,0.337
236,2018-08-08,6454.0,611.819,366.405,64.73,0.0025,181.476,100.356,0.353
237,2018-08-07,7000.0,696.378,403.193,73.369,0.00277,201.04,114.141,0.413
238,2018-08-06,7006.0,699.121,407.729,74.418,0.00284,205.779,116.193,0.426
239,2018-08-05,7009.0,699.235,406.868,73.792,0.00285,205.427,115.034,0.431
240,2018-08-04,7260.0,713.23,412.101,75.737,0.0029,207.873,117.314,0.434
241,2018-08-03,7403.0,716.466,410.039,76.074,0.00292,207.624,118.915,0.437
242,2018-08-02,7598.0,749.85,415.863,76.978,0.00302,213.016,125.783,0.435
243,2018-08-01,7580.0,757.793,420.923,77.49,0.00301,218.998,123.16,0.449
244,2018-07-31,7929.0,787.718,441.036,79.476,0.0031,224.435,126.789,0.437
245,2018-07-30,8142.0,815.238,459.605,82.868,0.00326,236.757,132.813,0.449
246,2018-07-29,8206.0,825.286,465.904,83.911,0.00335,240.086,138.065,0.451
247,2018-07-28,8180.0,817.378,467.496,83.783,0.00343,241.79,140.061,0.453
248,2018-07-27,8021.0,806.686,464.927,83.483,0.0034,243.078,138.528,0.448
249,2018-07-26,8199.0,835.018,476.029,86.544,0.00351,246.053,142.144,0.464
250,2018-07-25,8254.0,845.871,474.714,87.05,0.00354,247.743,142.437,0.456
251,2018-07-24,8068.0,836.34,467.81,86.204,0.00354,247.359,139.668,0.458
252,2018-07-23,7681.0,806.045,459.853,83.741,0.00353,245.982,134.65,0.452
253,2018-07-22,7455.0,796.969,463.305,83.058,0.00352,254.505,131.059,0.454
254,2018-07-21,7353.0,778.158,459.661,82.725,0.00345,246.244,129.973,0.449
255,2018-07-20,7430.0,793.305,458.668,84.017,0.00362,265.438,135.561,0.461
256,2018-07-19,7399.0,819.992,473.914,86.655,0.00369,263.678,141.022,0.487
257,2018-07-18,7413.0,859.6,495.013,90.194,0.00353,264.401,144.647,0.51
258,2018-07-17,6889.0,811.161,481.164,84.728,0.00299,251.731,139.529,0.471
259,2018-07-16,6537.0,761.566,464.55,81.048,0.00253,238.07,128.29,0.466
260,2018-07-15,6342.0,717.448,443.555,77.515,0.00238,227.439,123.757,0.446
261,2018-07-14,6253.0,697.504,434.064,76.42,0.00234,220.667,122.164,0.437
262,2018-07-13,6256.0,699.623,436.091,77.251,0.00233,224.274,122.95,0.442
263,2018-07-12,6252.0,686.643,434.059,76.412,0.00233,212.328,122.58,0.433
264,2018-07-11,6400.0,699.615,439.544,77.853,0.00244,220.128,125.03,0.451
265,2018-07-10,6516.0,711.446,449.73,77.513,0.0025,225.369,127.946,0.449
266,2018-07-09,6739.0,749.593,481.71,82.178,0.00263,239.155,138.68,0.479
267,2018-07-08,6759.0,767.507,487.68,84.343,0.00265,245.807,136.673,0.494
268,2018-07-07,6611.0,730.241,469.681,82.101,0.00261,242.252,133.268,0.472
269,2018-07-06,6569.0,728.287,467.227,83.092,0.0026,240.005,135.165,0.477
270,2018-07-05,6602.0,752.503,470.334,84.547,0.00264,246.866,138.689,0.489
271,2018-07-04,6592.0,767.418,467.609,85.75,0.00266,244.274,141.09,0.486
272,2018-07-03,6614.0,785.621,472.836,86.948,0.00269,253.65,140.891,0.495
273,2018-07-02,6479.0,756.654,461.591,82.348,0.0026,245.44,134.842,0.458
274,2018-07-01,6388.0,738.166,453.007,80.134,0.00253,236.202,130.416,0.46
275,2018-06-30,6382.0,745.278,449.963,81.494,0.0025,241.028,130.63,0.469
276,2018-06-29,5935.0,667.232,417.151,74.621,0.0023,223.517,120.079,0.43
277,2018-06-28,6120.0,699.884,435.865,79.241,0.00242,224.742,130.581,0.46
278,2018-06-27,6128.0,706.619,434.665,78.544,0.00243,229.535,127.027,0.463
279,2018-06-26,6233.0,738.914,450.846,80.632,0.00251,237.581,126.593,0.477
280,2018-06-25,6225.0,754.509,457.744,81.487,0.00251,241.725,126.762,0.491
281,2018-06-24,6044.0,721.936,451.302,79.386,0.00251,237.172,115.369,0.468
282,2018-06-23,6146.0,757.881,471.371,83.932,0.00262,244.794,114.608,0.491
283,2018-06-22,6382.0,803.632,490.26,89.241,0.00277,247.041,116.098,0.51
284,2018-06-21,6755.0,884.531,533.614,97.401,0.00299,265.473,122.986,0.538
285,2018-06-20,6698.0,883.077,529.553,97.247,0.00298,259.198,122.648,0.53
286,2018-06-19,6737.0,893.461,527.798,98.562,0.00301,264.987,127.173,0.548
287,2018-06-18,6543.0,854.489,502.428,95.87,0.00291,259.32,123.832,0.514
288,2018-06-17,6534.0,855.233,501.699,96.74,0.00289,267.341,125.212,0.535
289,2018-06-16,6482.0,852.37,496.537,96.159,0.00287,261.132,125.946,0.533
290,2018-06-15,6567.0,869.86,501.792,98.22,0.00291,262.633,127.941,0.548
291,2018-06-14,6515.0,870.616,492.603,97.344,0.00287,260.473,129.078,0.556
292,2018-06-13,6459.0,851.849,481.022,95.995,0.00293,253.101,121.173,0.539
293,2018-06-12,6775.0,923.21,521.061,105.047,0.00316,270.429,132.354,0.593
294,2018-06-11,6767.0,935.227,525.832,106.306,0.00313,269.425,136.499,0.584
295,2018-06-10,7150.0,1010.0,558.971,111.665,0.00335,285.011,144.129,0.625
296,2018-06-09,7653.0,1120.0,604.065,119.971,0.00365,305.332,158.627,0.672
297,2018-06-08,7650.0,1121.0,601.928,120.072,0.00368,311.291,161.013,0.665
298,2018-06-07,7708.0,1146.0,608.398,121.796,0.00377,315.499,167.096,0.682
299,2018-06-06,7619.0,1134.0,605.064,121.139,0.0037,314.837,165.349,0.672
300,2018-06-05,7513.0,1101.0,595.268,119.246,0.00359,314.713,163.211,0.665
301,2018-06-04,7594.0,1135.0,602.107,121.85,0.00357,321.357,163.535,0.653
302,2018-06-03,7706.0,1135.0,611.15,125.286,0.00364,330.622,170.377,0.661
303,2018-06-02,7615.0,1043.0,588.746,122.206,0.00352,320.606,162.442,0.643
304,2018-06-01,7501.0,993.502,576.459,118.927,0.00342,307.362,155.929,0.621
305,2018-05-31,7517.0,1001.0,572.5,119.047,0.00343,308.477,156.884,0.615
306,2018-05-30,7454.0,993.992,562.269,119.423,0.00343,310.135,157.214,0.619
307,2018-05-29,7311.0,942.556,542.952,116.666,0.0033,301.681,155.601,0.6
308,2018-05-28,7274.0,941.278,538.415,114.767,0.00331,304.991,159.227,0.576
309,2018-05-27,7346.0,996.416,575.72,118.001,0.00341,318.477,164.229,0.61
310,2018-05-26,7517.0,1027.0,596.332,120.61,0.00352,335.008,166.213,0.621
311,2018-05-25,7507.0,1033.0,594.803,120.544,0.00353,339.454,167.811,0.619
312,2018-05-24,7551.0,1024.0,587.165,120.784,0.00347,340.958,170.016,0.616
313,2018-05-23,7816.0,1062.0,614.983,124.09,0.00363,347.414,174.563,0.618
314,2018-05-22,8261.0,1183.0,681.455,132.826,0.00408,374.373,188.184,0.671
315,2018-05-21,8476.0,1256.0,707.172,136.866,0.00432,395.17,199.565,0.689
316,2018-05-20,8378.0,1247.0,711.294,137.263,0.00431,393.958,200.476,0.685
317,2018-05-19,8266.0,1183.0,697.014,135.475,0.00426,393.371,199.735,0.673
318,2018-05-18,8115.0,1191.0,678.857,132.981,0.00417,386.267,192.518,0.672
319,2018-05-17,8297.0,1272.0,699.933,137.853,0.00435,407.112,200.099,0.696
320,2018-05-16,8291.0,1271.0,695.097,137.663,0.00438,408.006,197.212,0.706
321,2018-05-15,8652.0,1396.0,723.705,144.088,0.00456,434.138,210.995,0.748
322,2018-05-14,8595.0,1417.0,718.634,142.582,0.00443,414.581,206.38,0.736
323,2018-05-13,8566.0,1453.0,703.788,141.901,0.00439,406.996,207.333,0.7
324,2018-05-12,8438.0,1398.0,671.294,138.632,0.00427,394.944,198.44,0.696
325,2018-05-11,8725.0,1432.0,698.979,142.056,0.00448,404.14,206.162,0.686
326,2018-05-10,9288.0,1624.0,754.168,156.629,0.00501,447.201,227.34,0.8
327,2018-05-09,9210.0,1574.0,739.982,156.519,0.00504,436.21,224.033,0.803
328,2018-05-08,9282.0,1616.0,749.138,162.172,0.00514,452.476,227.037,0.815
329,2018-05-07,9367.0,1638.0,743.309,164.107,0.00485,461.994,227.909,0.825
330,2018-05-06,9658.0,1736.0,792.784,172.636,0.005,494.284,236.715,0.873
331,2018-05-05,9844.0,1641.0,809.529,174.63,0.00525,496.974,243.361,0.902
332,2018-05-04,9670.0,1497.0,783.083,162.112,0.00536,490.212,242.477,0.905
333,2018-05-03,9387.0,1495.0,734.123,156.039,0.00547,493.527,247.593,0.854
334,2018-05-02,9128.0,1408.0,678.864,148.787,0.00528,475.46,245.145,0.858
335,2018-05-01,9004.0,1298.0,658.012,145.549,0.00509,467.734,234.883,0.833
336,2018-04-30,9304.0,1398.0,682.708,151.007,0.00535,484.462,246.334,0.852
337,2018-04-29,9365.0,1430.0,684.336,152.341,0.00545,493.172,253.073,0.847
338,2018-04-28,9249.0,1389.0,676.536,150.224,0.00553,490.711,256.206,0.84
339,2018-04-27,9228.0,1392.0,665.522,150.635,0.00563,490.087,260.784,0.855
340,2018-04-26,8894.0,1336.0,631.231,146.68,0.00525,475.286,262.062,0.806
341,2018-04-25,9231.0,1323.0,644.087,151.371,0.00533,484.791,267.968,0.818
342,2018-04-24,9325.0,1500.0,689.517,161.895,0.00576,533.258,292.329,0.918
343,2018-04-23,8925.0,1368.0,639.477,150.831,0.00561,487.032,280.298,0.876
344,2018-04-22,8913.0,1190.0,622.605,149.074,0.00562,461.331,266.886,0.906
345,2018-04-21,8820.0,1117.0,604.706,149.595,0.00553,445.741,256.88,0.824
346,2018-04-20,8464.0,1048.0,584.742,149.524,0.00582,441.953,250.355,0.875
347,2018-04-19,8242.0,923.636,543.621,142.462,0.00564,422.097,233.32,0.72
348,2018-04-18,8085.0,831.672,514.947,137.236,0.00503,390.282,220.681,0.682
349,2018-04-17,8075.0,773.346,512.062,134.848,0.00475,370.798,198.154,0.67
350,2018-04-16,8104.0,766.219,512.054,128.234,0.0046,365.637,194.686,0.657
351,2018-04-15,8241.0,768.236,520.189,130.151,0.0044,375.093,198.37,0.675
352,2018-04-14,8025.0,743.066,501.885,127.004,0.00413,362.359,192.598,0.637
353,2018-04-13,8008.0,754.248,504.831,128.967,0.00402,366.689,193.979,0.638
354,2018-04-12,7355.0,694.927,450.571,119.9,0.00353,328.153,178.272,0.544
355,2018-04-11,6912.0,655.887,420.062,114.766,0.00327,303.268,166.866,0.492
356,2018-04-10,6805.0,643.788,403.112,114.192,0.00287,299.706,166.358,0.484
357,2018-04-09,6918.0,653.065,404.459,117.39,0.00282,308.716,171.554,0.487
358,2018-04-08,7020.0,653.498,395.618,117.28,0.00285,305.813,171.794,0.492
359,2018-04-07,6916.0,637.649,384.71,117.615,0.00281,303.543,169.564,0.486
360,2018-04-06,6673.0,620.206,372.537,115.195,0.00271,291.369,167.91,0.472
361,2018-04-05,6780.0,639.774,378.655,118.555,0.00273,299.735,171.187,0.496
362,2018-04-04,7107.0,672.103,391.494,123.913,0.00285,320.187,178.891,0.513
363,2018-04-03,7345.0,695.981,401.669,126.161,0.00291,332.2,185.673,0.538
364,2018-04-02,7004.0,666.81,385.716,118.787,0.00278,301.593,178.152,0.505
365,2018-04-01,6826.0,662.97,382.52,114.722,0.00273,300.044,175.706,0.487
366,2018-03-31,7025.0,704.795,401.714,120.101,0.00281,320.072,177.962,0.519
367,2018-03-30,6908.0,708.841,385.057,116.909,0.00273,318.871,171.72,0.512
368,2018-03-29,7548.0,780.623,414.781,122.187,0.00297,333.486,187.51,0.539
369,2018-03-28,7940.0,876.826,451.701,134.632,0.00314,357.353,193.494,0.59
370,2018-03-27,7983.0,902.341,463.714,141.66,0.00317,371.186,190.281,0.581
371,2018-03-26,8236.0,937.387,499.98,153.291,0.00333,395.544,200.024,0.599
372,2018-03-25,8559.0,981.194,522.642,160.225,0.00347,417.9,207.961,0.632
373,2018-03-24,8881.0,1014.0,537.53,165.261,0.00359,443.336,214.419,0.644
374,2018-03-23,8549.0,993.142,523.716,161.142,0.00344,407.21,206.616,0.637
375,2018-03-22,8809.0,1025.0,548.63,166.531,0.00359,421.284,214.368,0.662
376,2018-03-21,9002.0,1049.0,569.452,171.482,0.0037,437.199,227.154,0.711
377,2018-03-20,8641.0,1011.0,544.311,162.746,0.00352,416.617,217.284,0.695
378,2018-03-19,8360.0,952.304,539.482,156.134,0.00332,388.041,211.438,0.663
379,2018-03-18,7696.0,900.41,508.635,146.597,0.00306,368.263,188.274,0.609
380,2018-03-17,8099.0,974.592,585.957,159.125,0.00341,409.655,206.639,0.684
381,2018-03-16,8327.0,960.54,609.608,164.994,0.00354,418.968,211.833,0.693
382,2018-03-15,8124.0,921.063,602.203,160.925,0.00347,414.688,212.564,0.721
383,2018-03-14,8789.0,1011.0,660.81,169.335,0.00377,466.963,234.359,0.755
384,2018-03-13,9170.0,1055.0,695.08,176.468,0.00396,493.699,254.061,0.786
385,2018-03-12,9457.0,1092.0,715.011,184.916,0.00407,522.76,271.724,0.837
386,2018-03-11,9065.0,1055.0,702.129,183.35,0.00406,502.687,264.962,0.817
387,2018-03-10,9252.0,1049.0,724.174,186.337,0.00418,508.675,279.672,0.836
388,2018-03-09,8927.0,989.32,686.236,173.818,0.00388,466.101,262.647,0.797
389,2018-03-08,9724.0,1068.0,739.174,181.899,0.00409,507.996,306.893,0.871
390,2018-03-07,10428.0,1154.0,782.297,190.754,0.00438,550.62,344.346,0.922
391,2018-03-06,11051.0,1226.0,833.453,203.315,0.0048,586.94,354.303,0.945
392,2018-03-05,11537.0,1279.0,862.198,212.046,0.00535,617.546,368.281,1.054
393,2018-03-04,11271.0,1254.0,854.52,209.298,0.00531,607.454,350.397,0.901
394,2018-03-03,11365.0,1278.0,861.705,213.527,0.00547,608.791,354.774,0.911
395,2018-03-02,11002.0,1276.0,863.687,207.898,0.00585,609.988,323.331,0.907
396,2018-03-01,10666.0,1258.0,866.53,208.357,0.0061,600.642,297.183,0.916
397,2018-02-28,10607.0,1227.0,870.604,210.932,0.00611,600.647,293.053,0.919
398,2018-02-27,10575.0,1254.0,879.503,217.933,0.0064,621.191,297.528,0.959
399,2018-02-26,9939.0,1202.0,861.542,223.034,0.00625,606.362,282.558,0.931
400,2018-02-25,9649.0,1179.0,840.435,210.682,0.00616,590.908,271.311,0.95
401,2018-02-24,9975.0,1219.0,844.517,206.097,0.00642,606.693,274.122,0.947
402,2018-02-23,10046.0,1240.0,846.334,201.442,0.00644,626.007,277.554,0.991
403,2018-02-22,10325.0,1256.0,831.455,205.431,0.00641,639.666,292.167,0.972
404,2018-02-21,10851.0,1350.0,869.451,218.028,0.00689,684.22,301.704,1.073
405,2018-02-20,11551.0,1514.0,939.564,239.319,0.00718,726.84,314.94,1.146
406,2018-02-19,10902.0,1513.0,941.382,222.007,0.00671,713.466,309.189,1.159
407,2018-02-18,10772.0,1521.0,944.627,223.658,0.0067,709.206,307.002,1.093
408,2018-02-17,10713.0,1534.0,965.778,229.066,0.00707,728.074,317.356,1.138
409,2018-02-16,10058.0,1481.0,934.689,221.912,0.00696,696.927,288.511,1.125
410,2018-02-15,9838.0,1358.0,932.44,224.341,0.00745,687.239,278.283,1.138
411,2018-02-14,9055.0,1299.0,884.586,193.491,0.0064,644.347,255.05,1.046
412,2018-02-13,8657.0,1235.0,846.939,158.474,0.00547,602.51,236.564,1.025
413,2018-02-12,8662.0,1266.0,857.472,158.162,0.00528,614.812,244.398,1.1
414,2018-02-11,8234.0,1236.0,825.413,150.259,0.00491,594.288,232.937,0.992
415,2018-02-10,8691.0,1278.0,871.238,160.637,0.00511,641.782,256.08,1.106
416,2018-02-09,8300.0,1277.0,832.564,149.579,0.00462,606.837,245.608,0.802
417,2018-02-08,8256.0,1153.0,814.922,146.574,0.00457,573.808,235.346,0.764
418,2018-02-07,7933.0,977.874,799.065,146.208,0.00441,542.449,215.349,0.771
419,2018-02-06,6852.0,869.711,679.592,124.155,0.00356,447.777,176.38,0.658
420,2018-02-05,7704.0,1025.0,776.937,139.141,0.00397,505.596,199.712,0.801
421,2018-02-04,8826.0,1212.0,908.425,158.309,0.00479,601.939,239.832,0.917
422,2018-02-03,9091.0,1222.0,957.23,142.275,0.0049,614.059,246.147,0.867
423,2018-02-02,8748.0,1177.0,930.55,130.039,0.00446,566.673,230.471,0.721
424,2018-02-01,9755.0,1397.0,1111.0,155.269,0.00551,662.219,262.831,1.09
425,2018-01-31,10154.0,1487.0,1100.0,163.73,0.006,687.488,276.165,1.118
426,2018-01-30,10781.0,1594.0,1140.0,174.769,0.00656,741.447,297.862,1.261
427,2018-01-29,11372.0,1686.0,1190.0,183.916,0.00715,775.014,319.82,1.325
428,2018-01-28,11710.0,1704.0,1188.0,187.721,0.00745,791.906,329.633,1.292
429,2018-01-27,11294.0,1622.0,1081.0,179.566,0.00735,773.573,323.813,1.214
430,2018-01-26,11085.0,1604.0,1050.0,176.598,0.00727,782.809,313.794,1.18
431,2018-01-25,11384.0,1666.0,1071.0,181.909,0.0074,802.731,319.382,1.339
432,2018-01-24,11094.0,1632.0,1016.0,179.949,0.00685,764.518,314.49,1.367
433,2018-01-23,10800.0,1616.0,985.307,177.319,0.00668,758.517,309.308,1.299
434,2018-01-22,11217.0,1695.0,1029.0,185.355,0.00695,795.452,331.022,1.402
435,2018-01-21,11984.0,1840.0,1086.0,196.349,0.00765,854.04,359.625,1.396
436,2018-01-20,12544.0,1922.0,1124.0,205.654,0.00838,914.396,386.672,1.583
437,2018-01-19,11560.0,1802.0,1050.0,194.819,0.00796,845.62,333.208,1.668
438,2018-01-18,11561.0,1827.0,1046.0,194.366,0.00809,841.044,332.888,1.421
439,2018-01-17,10747.0,1680.0,955.432,175.464,0.00653,740.745,301.041,1.132
440,2018-01-16,12255.0,2058.0,1135.0,207.214,0.00811,839.055,359.78,1.349
441,2018-01-15,13932.0,2492.0,1332.0,239.774,0.0109,1004.0,415.051,1.839
442,2018-01-14,13821.0,2598.0,1350.0,246.651,0.0116,1045.0,408.795,1.897
443,2018-01-13,14363.0,2680.0,1356.0,246.791,0.0127,1102.0,418.235,2.076
444,2018-01-12,13850.0,2570.0,1236.0,235.896,0.0123,1043.0,375.569,2.023
445,2018-01-11,13863.0,2579.0,1225.0,235.647,0.0119,1038.0,377.956,1.821
446,2018-01-10,14328.0,2552.0,1322.0,243.709,0.0125,1080.0,398.364,1.906
447,2018-01-09,15041.0,2425.0,1218.0,253.257,0.0148,1108.0,427.487,2.439
448,2018-01-08,15476.0,2452.0,1154.0,260.441,0.0161,1125.0,392.53,2.571
449,2018-01-07,16733.0,2627.0,1081.0,281.463,0.0163,1208.0,412.855,3.233
450,2018-01-06,16784.0,2475.0,996.619,280.967,0.0145,1143.0,373.2,3.077
451,2018-01-05,15881.0,2386.0,980.277,243.826,0.0106,1127.0,364.125,3.323
452,2018-01-04,14883.0,2418.0,951.139,234.456,0.00927,1117.0,374.467,3.649
453,2018-01-03,15027.0,2607.0,887.35,248.334,0.00908,1132.0,376.468,2.748
454,2018-01-02,13924.0,2470.0,850.339,245.454,0.00903,1100.0,357.303,2.34
455,2018-01-01,13523.0,2355.0,750.972,225.301,0.00864,1015.0,334.307,2.266
456,2017-12-31,13402.0,2352.0,721.422,220.879,0.00843,999.909,326.544,2.209
457,2017-12-30,13277.0,2347.0,704.505,221.011,0.00813,994.755,324.054,2.498
458,2017-12-29,14598.0,2554.0,738.099,247.439,0.00841,1101.0,356.554,1.605
459,2017-12-28,14342.0,2492.0,707.761,246.956,0.00794,1058.0,348.686,1.351
460,2017-12-27,15712.0,2800.0,750.511,273.441,0.00913,1170.0,374.477,1.259
461,2017-12-26,15224.0,2825.0,744.981,275.399,0.00885,1157.0,351.581,1.126
462,2017-12-25,13825.0,2789.0,716.775,269.604,0.00974,1136.0,338.706,1.051
463,2017-12-24,13698.0,2792.0,662.122,264.923,0.00728,1122.0,331.586,1.094
464,2017-12-23,15086.0,3008.0,729.214,289.467,0.00723,1250.0,375.987,1.137
465,2017-12-22,14030.0,2564.0,681.631,261.023,0.00602,1160.0,344.231,1.092
466,2017-12-21,16311.0,3349.0,808.987,309.445,0.0075,1436.0,439.391,1.001
467,2017-12-20,16899.0,3526.0,797.161,321.367,0.00562,1357.0,410.813,0.768
468,2017-12-19,18319.0,2351.0,823.002,352.799,0.00605,1179.0,369.913,0.836
469,2017-12-18,18854.0,1972.0,734.651,321.408,0.00614,1092.0,350.103,0.751
470,2017-12-17,19401.0,1839.0,716.841,318.621,0.00631,1084.0,344.327,0.754
471,2017-12-16,18334.0,1799.0,693.475,298.999,0.00455,912.73,321.181,0.766
472,2017-12-15,17543.0,1745.0,669.39,283.459,0.00359,885.761,307.197,0.786
473,2017-12-14,16521.0,1824.0,707.294,290.082,0.00354,918.082,318.084,0.555
474,2017-12-13,16746.0,1583.0,663.96,305.938,0.00346,886.126,308.923,0.477
475,2017-12-12,16914.0,1507.0,560.868,274.224,0.00292,819.668,292.467,0.268
476,2017-12-11,16561.0,1389.0,466.34,173.143,0.00273,727.524,261.934,0.244
477,2017-12-10,14558.0,1313.0,447.893,142.819,0.00249,688.211,242.814,0.233
478,2017-12-09,15335.0,1442.0,478.17,148.033,0.00267,747.652,268.624,0.251
479,2017-12-08,16326.0,1444.0,451.546,109.22,0.00269,720.237,266.516,0.251
480,2017-12-07,15282.0,1323.0,426.822,96.642,0.00267,680.969,261.263,0.228
481,2017-12-06,12656.0,1416.0,440.041,100.126,0.00251,718.773,269.441,0.243
482,2017-12-05,11716.0,1507.0,461.928,101.783,0.00253,755.82,226.18,0.251
483,2017-12-04,11414.0,1518.0,463.753,100.07,0.00229,761.036,199.19,0.255
484,2017-12-03,11320.0,1536.0,468.332,101.226,0.00221,775.671,200.662,0.257
485,2017-12-02,10976.0,1424.0,462.131,100.149,0.00211,770.364,189.654,0.258
486,2017-12-01,10236.0,1356.0,443.806,89.891,0.00208,769.485,179.587,0.244
487,2017-11-30,9996.0,1336.0,434.809,85.674,0.00208,743.855,175.28,0.25
488,2017-11-29,10480.0,1506.0,471.579,96.062,0.00232,668.856,189.638,0.281
489,2017-11-28,9867.0,1549.0,470.756,92.124,0.00207,617.184,183.426,0.268
490,2017-11-27,9607.0,1645.0,475.312,89.428,0.00196,625.522,164.397,0.253
491,2017-11-26,9041.0,1592.0,458.47,85.641,0.00202,625.365,162.41,0.251
492,2017-11-25,8464.0,1587.0,467.473,81.638,0.00196,607.887,164.63,0.246
493,2017-11-24,8168.0,1659.0,430.176,74.528,0.00189,559.164,158.751,0.239
494,2017-11-23,8184.0,1498.0,398.242,73.387,0.00201,567.074,162.744,0.239
495,2017-11-22,8206.0,1233.0,366.425,70.846,0.00148,546.247,152.262,0.236
496,2017-11-21,8178.0,1191.0,364.873,70.866,0.00136,486.01,138.051,0.236
497,2017-11-20,8112.0,1193.0,360.695,71.862,0.00136,445.649,134.545,0.236
498,2017-11-19,7832.0,1192.0,354.514,70.07,0.00135,445.442,131.107,0.227
499,2017-11-18,7705.0,1273.0,334.009,67.406,0.00131,448.034,128.119,0.227
500,2017-11-17,7840.0,1071.0,331.065,67.901,0.00132,419.925,122.659,0.228
501,2017-11-16,7462.0,1058.0,328.519,63.9,0.00133,419.026,122.171,0.211
502,2017-11-15,7074.0,1254.0,335.229,63.62,0.00127,428.99,122.446,0.211
503,2017-11-14,6601.0,1291.0,327.483,61.805,0.00118,421.328,122.335,0.207
504,2017-11-13,6345.0,1281.0,314.775,60.318,0.00113,435.371,125.402,0.201
505,2017-11-12,6115.0,1604.0,308.916,59.653,0.00109,375.016,120.327,0.196
506,2017-11-11,6549.0,1146.0,306.993,61.214,0.00119,339.131,113.118,0.211
507,2017-11-10,6951.0,820.246,310.542,62.252,0.00127,328.554,112.678,0.217
508,2017-11-09,7250.0,633.922,318.067,63.596,0.00128,327.106,116.514,0.22
509,2017-11-08,7383.0,625.169,300.929,61.767,0.00118,301.223,102.528,0.211
510,2017-11-07,7113.0,604.436,295.875,57.547,0.00117,288.099,99.103,0.207
511,2017-11-06,7254.0,624.379,298.239,54.856,0.00119,273.961,91.312,0.203
512,2017-11-05,7472.0,604.256,297.759,54.857,0.00118,273.715,86.98,0.204
513,2017-11-04,7264.0,620.947,299.439,55.22,0.00116,275.401,86.76,0.205
514,2017-11-03,7240.0,644.632,295.189,54.849,0.00115,269.731,85.646,0.207
515,2017-11-02,6963.0,542.554,284.864,52.393,0.0011,263.214,83.23,0.188
516,2017-11-01,6507.0,477.622,299.041,54.724,0.00112,275.056,86.291,0.201
517,2017-10-31,6244.0,444.412,307.08,56.106,0.00114,282.72,88.274,0.203
518,2017-10-30,6122.0,447.59,306.667,56.741,0.00116,284.474,88.818,0.203
519,2017-10-29,5882.0,453.989,301.65,55.574,0.0011,281.421,87.812,0.202
520,2017-10-28,5755.0,385.179,294.268,54.657,0.00101,281.297,86.303,0.203
521,2017-10-27,5824.0,354.517,295.811,55.214,0.00103,282.136,87.132,0.203
522,2017-10-26,5824.0,337.851,296.526,55.794,0.00105,286.546,88.333,0.205
523,2017-10-25,5546.0,327.162,295.64,54.989,0.00104,288.852,87.976,0.206
524,2017-10-24,5662.0,326.015,303.431,57.156,0.00106,294.172,88.883,0.207
525,2017-10-23,5877.0,317.326,285.31,54.457,0.000994,273.119,85.025,0.195
526,2017-10-22,5919.0,334.013,295.789,56.946,0.00103,276.499,86.962,0.204
527,2017-10-21,6077.0,321.277,297.645,58.363,0.001,284.439,87.745,0.205
528,2017-10-20,5788.0,328.168,306.276,59.79,0.00105,292.371,90.003,0.216
529,2017-10-19,5656.0,330.806,309.27,59.901,0.00105,295.699,89.609,0.213
530,2017-10-18,5398.0,337.566,304.251,57.202,0.00103,289.393,88.687,0.224
531,2017-10-17,5633.0,346.948,324.508,61.441,0.0011,300.857,94.104,0.258
532,2017-10-16,5680.0,314.294,339.631,64.313,0.00112,306.029,95.188,0.271
533,2017-10-15,5632.0,314.08,332.145,65.086,0.00105,303.625,95.58,0.258
534,2017-10-14,5677.0,319.864,341.444,61.408,0.00105,312.937,95.147,0.265
535,2017-10-13,5611.0,310.97,323.599,57.956,0.00103,299.202,89.978,0.249
536,2017-10-12,5076.0,315.058,305.357,52.838,0.00105,294.857,87.569,0.261
537,2017-10-11,4796.0,314.818,301.01,50.546,0.00102,292.797,87.01,0.265
538,2017-10-10,4825.0,323.941,299.494,50.476,0.000983,286.923,86.726,0.25
539,2017-10-09,4655.0,324.646,302.045,51.503,0.000999,292.742,88.39,0.266
540,2017-10-08,4508.0,356.253,311.82,53.074,0.00104,311.967,91.257,0.242
541,2017-10-07,4364.0,360.256,309.106,51.889,0.00102,307.545,90.876,0.236
542,2017-10-06,4372.0,367.131,300.453,52.217,0.00102,307.562,91.786,0.238
543,2017-10-05,4268.0,354.093,293.343,51.204,0.000991,301.656,90.275,0.222
544,2017-10-04,4263.0,381.407,293.48,51.932,0.00102,304.797,90.948,0.204
545,2017-10-03,4326.0,405.478,293.577,52.288,0.00103,299.93,90.126,0.201
546,2017-10-02,4421.0,418.128,299.593,54.156,0.00108,315.759,92.197,0.204
547,2017-10-01,4323.0,424.56,300.398,54.395,0.00109,322.733,93.901,0.198
548,2017-09-30,4290.0,442.643,301.213,54.823,0.00111,331.005,95.55,0.198
549,2017-09-29,4156.0,443.557,292.96,53.128,0.00106,329.99,95.132,0.192
550,2017-09-28,4200.0,461.507,304.622,55.632,0.00112,344.884,99.37,0.199
551,2017-09-27,4045.0,454.955,297.084,54.154,0.00115,345.436,97.269,0.193
552,2017-09-26,3928.0,454.991,292.596,52.67,0.00114,345.26,94.103,0.182
553,2017-09-25,3832.0,440.129,291.62,50.074,0.000993,342.529,92.229,0.177
554,2017-09-24,3713.0,424.888,285.658,48.172,0.000913,345.144,90.136,0.175
555,2017-09-23,3735.0,424.369,275.465,48.608,0.000848,351.61,90.135,0.175
556,2017-09-22,3645.0,416.53,263.055,47.084,0.00075,343.624,87.315,0.173
557,2017-09-21,3811.0,461.069,277.224,50.123,0.000802,347.283,92.473,0.18
558,2017-09-20,3958.0,502.678,287.108,52.941,0.000857,334.15,96.721,0.184
559,2017-09-19,3978.0,491.297,288.019,54.167,0.000902,326.732,98.022,0.184
560,2017-09-18,3962.0,472.584,289.049,54.938,0.000927,333.994,100.42,0.186
561,2017-09-17,3669.0,437.44,253.556,51.122,0.000853,298.78,94.82,0.173
562,2017-09-16,3733.0,441.211,258.206,52.961,0.000918,295.995,99.293,0.185
563,2017-09-15,3430.0,404.772,238.402,47.915,0.000925,264.188,92.153,0.168
564,2017-09-14,3648.0,461.307,255.365,55.27,0.0012,276.371,104.388,0.198
565,2017-09-13,3956.0,508.755,277.277,62.191,0.00141,303.098,107.882,0.204
566,2017-09-12,4271.0,558.728,303.992,69.309,0.00156,326.022,113.959,0.218
567,2017-09-11,4239.0,565.059,298.442,68.424,0.00153,322.572,113.091,0.214
568,2017-09-10,4224.0,562.993,295.313,67.545,0.00157,317.049,112.029,0.202
569,2017-09-09,4327.0,594.582,303.933,71.522,0.00175,327.494,116.798,0.209
570,2017-09-08,4509.0,647.598,321.587,77.417,0.00191,343.515,122.434,0.224
571,2017-09-07,4613.0,660.833,333.382,80.322,0.00201,345.68,120.695,0.22
572,2017-09-06,4564.0,605.187,333.811,78.454,0.00204,341.903,121.25,0.221
573,2017-09-05,4290.0,531.879,303.38,69.138,0.00191,313.535,110.976,0.207
574,2017-09-04,4402.0,566.169,318.052,71.643,0.00199,332.256,114.366,0.207
575,2017-09-03,4601.0,595.483,351.383,79.547,0.00223,357.885,124.568,0.23
576,2017-09-02,4694.0,600.191,361.118,81.192,0.00237,365.671,130.948,0.232
577,2017-09-01,4808.0,612.225,392.888,79.441,0.00218,387.787,142.942,0.253
578,2017-08-31,4677.0,592.956,386.127,68.211,0.0021,375.85,139.769,0.227
579,2017-08-30,4586.0,559.211,380.551,63.045,0.00196,368.024,129.746,0.22
580,2017-08-29,4473.0,574.92,361.687,62.373,0.00185,361.064,136.316,0.218
581,2017-08-28,4316.0,601.307,343.939,61.967,0.00178,358.468,139.924,0.201
582,2017-08-27,4349.0,609.099,336.901,57.664,0.00176,373.203,132.308,0.207
583,2017-08-26,4323.0,626.712,330.182,50.923,0.00173,353.804,130.485,0.217
584,2017-08-25,4367.0,634.077,331.815,50.864,0.00177,314.962,95.728,0.228
585,2017-08-24,4202.0,645.868,321.612,51.661,0.00177,298.599,86.657,0.262
586,2017-08-23,4156.0,671.013,319.28,48.051,0.00173,293.911,92.366,0.292
587,2017-08-22,3941.0,658.511,312.319,46.255,0.00168,282.924,85.023,0.175
588,2017-08-21,4043.0,655.012,319.922,46.494,0.00167,286.906,71.34,0.157
589,2017-08-20,4101.0,760.316,293.178,45.229,0.00165,299.311,54.13,0.154
590,2017-08-19,4090.0,758.126,292.068,44.814,0.00165,253.876,52.504,0.157
591,2017-08-18,4240.0,552.469,299.851,45.513,0.00168,232.24,47.954,0.157
592,2017-08-17,4354.0,330.448,304.164,44.025,0.00171,242.914,48.489,0.159
593,2017-08-16,4177.0,296.833,293.728,43.418,0.00173,216.313,48.208,0.156
594,2017-08-15,4189.0,298.145,288.391,43.305,0.00171,199.02,48.208,0.166
595,2017-08-14,4185.0,302.638,300.658,45.598,0.00177,199.531,48.613,0.173
596,2017-08-13,4041.0,307.02,295.784,45.923,0.00179,201.423,48.128,0.168
597,2017-08-12,3780.0,325.975,313.325,46.946,0.00187,207.342,49.278,0.178
598,2017-08-11,3514.0,314.03,301.33,46.971,0.00184,203.854,50.065,0.181
599,2017-08-10,3399.0,291.841,301.217,47.857,0.00192,202.021,50.461,0.181
600,2017-08-09,3353.0,324.664,299.059,48.42,0.00193,201.197,51.589,0.189
601,2017-08-08,3422.0,337.371,280.817,46.401,0.00196,198.447,51.36,0.18
602,2017-08-07,3306.0,265.92,266.048,45.594,0.00193,193.422,48.087,0.18
603,2017-08-06,3238.0,201.591,260.854,45.738,0.002,191.89,48.163,0.185
604,2017-08-05,3152.0,212.909,237.997,45.641,0.00193,191.454,47.911,0.177
605,2017-08-04,2831.0,302.6,223.299,42.841,0.00179,188.89,43.916,0.175
606,2017-08-03,2747.0,442.147,222.453,42.358,0.00177,184.488,43.748,0.172
607,2017-08-02,2718.0,465.45,221.54,42.445,0.00178,183.105,43.865,0.176
608,2017-08-01,2785.0,174.599,216.975,42.547,0.00173,180.711,42.23,0.171
609,2017-07-31,2771.0,58.626,196.409,40.87,0.00166,175.225,40.011,0.165
610,2017-07-30,2693.0,62.527,198.66,40.491,0.00171,177.312,41.712,0.166
611,2017-07-29,2725.0,64.78,187.808,39.563,0.0017,176.6,43.373,0.159
612,2017-07-28,2742.0,67.409,197.203,40.835,0.00177,189.366,44.242,0.172
613,2017-07-27,2571.0,63.765,202.141,41.703,0.00178,195.117,45.188,0.174
