,date,btc_price,eth_price,ltc_price,doge_price,dash_price,xmr_price,xrp_price
0,2019-03-31,4105.0,141.409,60.3,0.00208,108.776,55.657,0.31
1,2019-03-30,4103.0,142.857,60.759,0.00208,97.687,53.643,0.313
2,2019-03-29,4080.0,140.268,60.964,0.00208,97.376,53.195,0.308
3,2019-03-28,4032.0,138.322,60.692,0.00206,94.092,52.92,0.31
4,2019-03-27,4014.0,137.827,60.631,0.00205,91.875,52.743,0.31
5,2019-03-26,3933.0,133.834,58.498,0.00203,88.589,50.8,0.301
6,2019-03-25,3974.0,135.079,59.399,0.00201,90.632,52.062,0.307
7,2019-03-24,3989.0,136.269,59.764,0.00201,91.538,52.559,0.31
8,2019-03-23,4000.0,136.949,60.333,0.00202,90.984,52.62,0.312
9,2019-03-22,3999.0,136.278,58.961,0.00202,90.398,52.636,0.313
10,2019-03-21,4026.0,137.617,59.437,0.00203,91.513,53.485,0.312
11,2019-03-20,4021.0,138.281,59.641,0.00204,91.824,54.407,0.319
12,2019-03-19,4003.0,138.25,59.329,0.00206,91.27,52.962,0.319
13,2019-03-18,3993.0,138.526,59.79,0.00206,92.174,52.281,0.317
14,2019-03-17,3988.0,139.094,60.664,0.00205,91.011,52.5,0.317
15,2019-03-16,4006.0,141.208,60.972,0.00206,91.455,53.542,0.319
16,2019-03-15,3904.0,134.993,57.428,0.00203,89.942,51.406,0.315
17,2019-03-14,3874.0,132.092,55.762,0.00201,88.701,50.448,0.313
18,2019-03-13,3871.0,132.266,55.82,0.00203,90.744,50.259,0.317
19,2019-03-12,3871.0,133.189,55.531,0.00198,85.44,49.275,0.31
20,2019-03-11,3889.0,133.746,55.448,0.00194,81.557,48.997,0.31
21,2019-03-10,3916.0,135.818,56.811,0.00196,81.717,49.305,0.316
22,2019-03-09,3915.0,136.834,57.554,0.00196,81.685,49.647,0.314
23,2019-03-08,3896.0,136.622,56.412,0.00196,81.663,49.589,0.313
24,2019-03-07,3884.0,137.878,56.44,0.00197,82.609,50.139,0.317
25,2019-03-06,3857.0,137.35,54.032,0.00195,81.839,49.07,0.318
26,2019-03-05,3786.0,131.161,49.026,0.00194,80.23,47.921,0.314
27,2019-03-04,3746.0,127.019,46.294,0.00193,78.468,47.359,0.306
28,2019-03-03,3819.0,133.003,48.247,0.00198,81.637,48.549,0.313
29,2019-03-02,3826.0,133.712,47.98,0.00197,82.259,48.164,0.316
30,2019-03-01,3837.0,136.494,47.087,0.00195,82.885,48.162,0.322
31,2019-02-28,3833.0,136.84,45.769,0.00194,81.493,48.361,0.316
32,2019-02-27,3819.0,136.62,44.884,0.00197,80.414,48.105,0.319
33,2019-02-26,3823.0,136.88,45.098,0.00198,81.43,48.1,0.323
34,2019-02-25,3822.0,138.7,45.07,0.00198,81.815,48.44,0.309
35,2019-02-24,4020.0,154.091,49.202,0.00204,87.178,52.329,0.304
36,2019-02-23,4006.0,150.915,49.554,0.00205,86.072,51.774,0.319
37,2019-02-22,3958.0,147.482,49.228,0.00203,85.211,50.857,0.321
38,2019-02-21,3942.0,145.791,49.37,0.00204,85.022,50.32,0.323
39,2019-02-20,3943.0,145.404,49.518,0.00205,85.863,51.113,0.328
40,2019-02-19,3935.0,147.256,47.846,0.00207,87.318,51.931,0.338
41,2019-02-18,3796.0,141.388,45.818,0.00204,82.418,49.506,0.316
42,2019-02-17,3620.0,126.224,43.37,0.002,78.53,46.708,0.3
43,2019-02-16,3617.0,122.815,43.455,0.00191,79.017,47.206,0.303
44,2019-02-15,3601.0,121.848,42.089,0.00189,78.206,47.12,0.3
45,2019-02-14,3601.0,122.125,41.457,0.00189,78.819,47.559,0.304
46,2019-02-13,3617.0,122.62,42.67,0.00189,80.968,49.281,0.303
47,2019-02-12,3611.0,120.728,43.318,0.00187,81.666,47.952,0.301
48,2019-02-11,3637.0,121.136,43.806,0.00188,78.174,47.799,0.306
49,2019-02-10,3645.0,118.598,44.533,0.0019,73.36,47.952,0.304
50,2019-02-09,3650.0,119.015,43.793,0.00191,74.223,48.078,0.308
51,2019-02-08,3481.0,110.199,37.441,0.00186,69.151,45.268,0.301
52,2019-02-07,3392.0,104.614,33.081,0.00181,66.276,43.184,0.294
53,2019-02-06,3400.0,103.437,32.702,0.00182,65.936,42.607,0.293
54,2019-02-05,3446.0,106.849,34.004,0.00187,67.212,42.885,0.298
55,2019-02-04,3442.0,107.14,33.757,0.00188,66.427,42.478,0.301
56,2019-02-03,3454.0,108.197,33.773,0.0019,66.623,42.894,0.304
57,2019-02-02,3459.0,107.304,33.012,0.00191,66.593,43.158,0.306
58,2019-02-01,3455.0,106.614,32.303,0.0019,67.024,43.516,0.308
59,2019-01-31,3459.0,108.037,31.664,0.00191,68.012,43.698,0.311
60,2019-01-30,3464.0,107.303,31.447,0.0019,67.847,43.774,0.316
61,2019-01-29,3432.0,105.267,30.928,0.00189,67.358,43.368,0.292
62,2019-01-28,3474.0,106.711,31.034,0.00193,67.368,44.148,0.287
63,2019-01-27,3578.0,114.997,32.73,0.00201,71.586,45.801,0.31
64,2019-01-26,3601.0,116.77,33.285,0.00202,73.32,45.987,0.317
65,2019-01-25,3580.0,116.484,32.562,0.00202,73.206,45.839,0.316
66,2019-01-24,3576.0,116.778,31.957,0.00201,72.039,45.541,0.317
67,2019-01-23,3592.0,118.474,31.879,0.00202,71.745,45.435,0.318
68,2019-01-22,3573.0,117.819,31.221,0.00204,70.152,45.332,0.32
69,2019-01-21,3558.0,117.306,30.923,0.00205,68.922,44.05,0.32
70,2019-01-20,3638.0,121.361,31.845,0.00209,70.698,44.89,0.321
71,2019-01-19,3689.0,123.553,32.029,0.00208,72.159,45.68,0.331
72,2019-01-18,3637.0,121.682,31.21,0.00207,70.992,45.08,0.326
73,2019-01-17,3623.0,121.923,31.031,0.00208,70.698,45.372,0.328
74,2019-01-16,3626.0,122.689,31.363,0.00207,70.67,45.205,0.331
75,2019-01-15,3661.0,127.336,31.935,0.00209,71.087,45.585,0.33
76,2019-01-14,3604.0,122.009,31.068,0.00209,71.193,44.263,0.331
77,2019-01-13,3600.0,122.19,31.688,0.00209,71.651,44.285,0.331
78,2019-01-12,3648.0,126.634,32.087,0.0021,73.048,45.039,0.33
79,2019-01-11,3662.0,127.396,32.933,0.00211,73.313,45.711,0.335
80,2019-01-10,3825.0,136.803,35.454,0.00216,77.455,48.093,0.343
81,2019-01-09,4036.0,152.211,39.405,0.00225,83.573,53.355,0.366
82,2019-01-08,4031.0,151.113,39.201,0.00225,82.072,53.311,0.371
83,2019-01-07,4052.0,154.772,38.445,0.00228,84.194,53.384,0.367
84,2019-01-06,3925.0,155.829,37.398,0.00229,82.137,51.555,0.358
85,2019-01-05,3861.0,159.119,34.172,0.00228,80.675,50.585,0.36
86,2019-01-04,3821.0,152.948,32.012,0.00228,80.501,50.1,0.353
87,2019-01-03,3874.0,152.232,32.321,0.00236,82.645,50.743,0.364
88,2019-01-02,3865.0,149.513,32.461,0.00239,82.473,50.139,0.368
89,2019-01-01,3744.0,136.343,30.65,0.00235,78.924,46.273,0.353
90,2018-12-31,3804.0,137.043,30.943,0.00236,80.948,47.439,0.359
91,2018-12-30,3835.0,138.414,31.639,0.00237,81.712,48.095,0.367
92,2018-12-29,3915.0,139.101,32.235,0.00239,82.699,49.136,0.375
93,2018-12-28,3746.0,124.293,29.979,0.00235,79.041,47.336,0.362
94,2018-12-27,3766.0,125.008,29.632,0.00238,80.327,46.92,0.364
95,2018-12-26,3833.0,131.842,30.913,0.00244,83.987,49.706,0.368
96,2018-12-25,3829.0,130.099,31.05,0.00242,83.306,50.169,0.372
97,2018-12-24,4175.0,147.378,35.275,0.00259,96.154,57.063,0.434
98,2018-12-23,4039.0,130.171,33.178,0.00253,89.781,53.806,0.367
99,2018-12-22,3919.0,112.105,30.948,0.00245,87.004,51.274,0.355
100,2018-12-21,4034.0,114.237,31.677,0.00261,90.771,53.403,0.369
101,2018-12-20,3984.0,109.127,31.196,0.00267,81.209,50.296,0.373
102,2018-12-19,3813.0,104.493,30.593,0.00269,77.519,48.395,0.375
103,2018-12-18,3575.0,95.574,29.14,0.00257,70.915,44.378,0.334
104,2018-12-17,3417.0,90.414,28.037,0.00223,67.619,41.951,0.303
105,2018-12-16,3298.0,87.252,26.082,0.00213,64.062,40.191,0.291
106,2018-12-15,3256.0,84.6,23.872,0.00209,60.056,38.866,0.283
107,2018-12-14,3302.0,86.052,23.44,0.00208,60.448,41.639,0.294
108,2018-12-13,3433.0,89.755,24.123,0.0021,63.908,42.886,0.304
109,2018-12-12,3483.0,90.69,24.652,0.00211,66.09,43.996,0.309
110,2018-12-11,3459.0,90.017,24.22,0.0021,66.917,43.63,0.298
111,2018-12-10,3554.0,92.799,25.142,0.00212,71.299,46.164,0.305
112,2018-12-09,3561.0,94.24,25.864,0.00213,71.94,47.028,0.314
113,2018-12-08,3449.0,91.506,25.003,0.00213,67.749,46.675,0.3
114,2018-12-07,3415.0,87.853,25.262,0.00211,62.655,45.21,0.304
115,2018-12-06,3756.0,99.984,28.909,0.00219,75.136,50.714,0.335
116,2018-12-05,3900.0,107.517,30.632,0.00223,82.037,54.71,0.346
117,2018-12-04,3981.0,110.908,31.647,0.0022,86.287,56.744,0.356
118,2018-12-03,4004.0,112.055,32.099,0.00218,88.563,56.913,0.361
119,2018-12-02,4192.0,117.759,34.141,0.00223,94.106,60.102,0.369
120,2018-12-01,4140.0,116.635,33.277,0.00222,94.347,59.511,0.372
121,2018-11-30,4129.0,115.711,32.698,0.00219,93.549,59.174,0.36
122,2018-11-29,4271.0,119.394,34.262,0.00222,97.293,62.134,0.381
123,2018-11-28,4118.0,117.631,33.449,0.00218,95.7,61.416,0.386
124,2018-11-27,3776.0,107.211,30.071,0.00205,88.873,54.484,0.35
125,2018-11-26,3933.0,113.082,30.75,0.00216,90.931,56.782,0.354
126,2018-11-25,3850.0,110.624,29.174,0.0022,88.904,56.611,0.351
127,2018-11-24,4310.0,122.893,32.021,0.00236,100.73,65.663,0.403
128,2018-11-23,4325.0,123.4,32.01,0.00235,99.986,65.126,0.409
129,2018-11-22,4541.0,133.841,34.12,0.00242,110.655,68.976,0.44
130,2018-11-21,4528.0,134.412,33.511,0.00231,109.613,68.279,0.437
131,2018-11-20,4632.0,139.783,34.638,0.00231,106.618,69.772,0.451
132,2018-11-19,5285.0,160.029,38.619,0.00254,119.695,80.343,0.475
133,2018-11-18,5633.0,177.237,42.659,0.0026,135.083,90.161,0.519
134,2018-11-17,5571.0,174.96,42.065,0.00264,134.506,87.013,0.479
135,2018-11-16,5612.0,178.525,43.18,0.00278,138.607,88.309,0.474
136,2018-11-15,5605.0,178.889,43.135,0.00267,138.054,88.301,0.448
137,2018-11-14,6158.0,197.907,47.72,0.00282,155.331,99.991,0.497
138,2018-11-13,6405.0,209.794,50.656,0.00303,162.783,105.514,0.518
139,2018-11-12,6426.0,211.986,51.024,0.00309,163.809,106.621,0.521
140,2018-11-11,6411.0,211.684,51.546,0.00321,160.914,104.371,0.502
141,2018-11-10,6424.0,212.522,52.357,0.00322,161.66,106.432,0.506
142,2018-11-09,6429.0,211.482,52.293,0.00321,163.123,107.383,0.499
143,2018-11-08,6503.0,215.126,53.529,0.00349,169.647,110.537,0.512
144,2018-11-07,6547.0,219.677,54.964,0.00366,167.255,111.672,0.529
145,2018-11-06,6454.0,213.392,54.504,0.00369,168.378,112.395,0.529
146,2018-11-05,6451.0,209.288,53.63,0.00367,165.994,111.407,0.465
147,2018-11-04,6414.0,204.127,52.981,0.00375,159.846,108.636,0.455
148,2018-11-03,6385.0,200.281,51.193,0.00379,155.309,105.776,0.456
149,2018-11-02,6410.0,200.748,51.234,0.00381,154.757,105.481,0.46
150,2018-11-01,6361.0,198.251,50.056,0.00379,153.282,103.929,0.453
151,2018-10-31,6330.0,196.904,49.485,0.00384,154.324,104.064,0.442
152,2018-10-30,6331.0,196.55,49.252,0.00389,153.037,102.355,0.445
153,2018-10-29,6406.0,200.635,50.61,0.00393,153.57,103.213,0.442
154,2018-10-28,6483.0,204.054,52.036,0.00412,155.625,103.544,0.458
155,2018-10-27,6491.0,203.71,52.259,0.0042,155.99,105.007,0.455
156,2018-10-26,6493.0,203.227,52.434,0.0039,155.944,106.327,0.457
157,2018-10-25,6502.0,202.807,52.608,0.00383,156.705,106.809,0.456
158,2018-10-24,6530.0,204.735,52.971,0.00402,158.329,108.829,0.46
159,2018-10-23,6511.0,203.783,52.759,0.00428,154.395,108.637,0.442
160,2018-10-22,6537.0,205.705,53.016,0.00448,154.591,106.262,0.453
161,2018-10-21,6574.0,207.884,53.845,0.00463,157.414,106.747,0.463
162,2018-10-20,6526.0,206.083,53.611,0.00458,156.45,105.681,0.459
163,2018-10-19,6514.0,204.01,53.242,0.00447,155.105,105.446,0.452
164,2018-10-18,6595.0,207.491,53.68,0.00456,160.026,106.988,0.463
165,2018-10-17,6609.0,210.319,54.163,0.00483,163.767,107.903,0.463
166,2018-10-16,6642.0,210.881,54.985,0.00516,165.358,108.293,0.454
167,2018-10-15,6614.0,209.49,54.846,0.00528,163.523,106.099,0.447
168,2018-10-14,6335.0,200.705,53.531,0.00525,161.888,103.316,0.419
169,2018-10-13,6288.0,199.558,53.746,0.00523,159.475,102.936,0.419
170,2018-10-12,6278.0,196.354,52.769,0.00525,158.399,102.401,0.426
171,2018-10-11,6284.0,201.827,52.553,0.00521,164.708,103.84,0.41
172,2018-10-10,6581.0,225.622,57.937,0.00562,178.855,112.794,0.466
173,2018-10-09,6639.0,228.517,58.975,0.00564,181.486,113.837,0.476
174,2018-10-08,6630.0,227.439,58.675,0.00545,181.607,114.127,0.491
175,2018-10-07,6580.0,224.157,57.819,0.00559,180.332,113.544,0.478
176,2018-10-06,6598.0,225.822,58.105,0.00561,182.784,114.404,0.493
177,2018-10-05,6584.0,223.003,58.179,0.00568,181.249,114.338,0.519
178,2018-10-04,6583.0,223.753,58.635,0.00571,181.033,114.596,0.534
179,2018-10-03,6484.0,219.977,57.722,0.00574,178.418,113.951,0.527
180,2018-10-02,6579.0,228.564,60.391,0.0059,185.488,115.075,0.563
181,2018-10-01,6610.0,230.629,60.741,0.00597,187.017,115.35,0.551
182,2018-09-30,6610.0,232.889,61.099,0.00591,187.789,115.449,0.61
183,2018-09-29,6568.0,226.64,61.004,0.00587,187.663,115.11,0.562
184,2018-09-28,6683.0,225.946,62.527,0.00591,191.582,118.128,0.529
185,2018-09-27,6528.0,218.836,60.442,0.00582,188.401,116.176,0.524
186,2018-09-26,6470.0,215.064,57.637,0.00576,188.181,114.734,0.547
187,2018-09-25,6424.0,214.33,56.324,0.00571,186.524,113.5,0.458
188,2018-09-24,6645.0,236.38,58.991,0.0058,197.586,119.18,0.531
189,2018-09-23,6712.0,242.354,61.392,0.00585,206.037,123.786,0.568
190,2018-09-22,6714.0,240.704,59.907,0.00574,204.203,122.143,0.571
191,2018-09-21,6667.0,229.965,58.294,0.00577,205.781,119.843,0.587
192,2018-09-20,6423.0,210.605,54.336,0.00573,191.75,112.15,0.369
193,2018-09-19,6352.0,209.437,53.826,0.00573,190.99,110.014,0.318
194,2018-09-18,6307.0,203.297,52.894,0.00611,185.132,109.673,0.321
195,2018-09-17,6408.0,212.796,55.109,0.00633,192.235,115.38,0.278
196,2018-09-16,6491.0,218.053,56.287,0.00635,188.171,116.619,0.278
197,2018-09-15,6523.0,218.581,57.435,0.00622,190.682,119.603,0.283
198,2018-09-14,6507.0,213.086,55.137,0.00631,191.723,113.585,0.275
199,2018-09-13,6450.0,197.248,53.634,0.00652,190.235,109.944,0.275
200,2018-09-12,6287.0,176.072,50.009,0.00633,179.167,101.039,0.26
201,2018-09-11,6312.0,190.005,53.104,0.0064,194.723,105.958,0.263
202,2018-09-10,6307.0,196.245,54.541,0.00631,202.257,106.385,0.275
203,2018-09-09,6308.0,197.313,54.468,0.00574,190.103,105.394,0.286
204,2018-09-08,6380.0,212.06,55.519,0.00562,191.324,110.451,0.294
205,2018-09-07,6463.0,222.844,56.751,0.00522,181.54,114.607,0.293
206,2018-09-06,6442.0,226.147,55.774,0.00493,171.979,113.011,0.286
207,2018-09-05,7145.0,264.905,64.048,0.00514,203.049,129.1,0.306
208,2018-09-04,7332.0,287.556,67.593,0.00521,217.599,137.297,0.339
209,2018-09-03,7269.0,289.961,65.144,0.00526,211.891,126.026,0.339
210,2018-09-02,7249.0,294.518,65.663,0.00544,214.37,121.113,0.341
211,2018-09-01,7114.0,290.451,64.838,0.00572,210.596,120.687,0.338
212,2018-08-31,6994.0,281.008,60.871,0.00387,188.89,109.524,0.328
213,2018-08-30,6947.0,281.98,60.07,0.00295,181.644,100.207,0.326
214,2018-08-29,7067.0,292.25,62.081,0.00262,192.86,104.863,0.35
215,2018-08-28,6997.0,288.3,61.238,0.00254,184.446,104.889,0.349
216,2018-08-27,6733.0,276.849,57.659,0.00242,150.575,97.16,0.328
217,2018-08-26,6691.0,273.774,56.885,0.00241,141.898,92.611,0.323
218,2018-08-25,6731.0,279.654,57.877,0.00242,143.721,93.787,0.326
219,2018-08-24,6566.0,276.374,57.051,0.00238,140.639,90.464,0.325
220,2018-08-23,6445.0,273.504,55.792,0.00235,138.779,89.831,0.323
221,2018-08-22,6592.0,281.285,56.813,0.00245,144.513,94.104,0.341
222,2018-08-21,6411.0,278.005,55.195,0.00239,142.677,94.181,0.333
223,2018-08-20,6462.0,291.302,56.6,0.00243,150.836,98.494,0.339
224,2018-08-19,6412.0,297.009,57.379,0.00241,154.12,97.022,0.348
225,2018-08-18,6459.0,302.88,58.307,0.00245,159.058,99.153,0.344
226,2018-08-17,6474.0,299.95,57.87,0.00238,158.565,95.604,0.317
227,2018-08-16,6351.0,288.016,55.768,0.00228,153.764,90.683,0.288
228,2018-08-15,6377.0,287.24,56.128,0.00233,152.993,90.08,0.289
229,2018-08-14,6064.0,263.702,52.078,0.00217,138.101,82.456,0.266
230,2018-08-13,6356.0,308.434,58.511,0.0024,160.686,93.467,0.307
231,2018-08-12,6316.0,321.542,59.685,0.0024,166.806,94.347,0.302
232,2018-08-11,6195.0,318.651,57.065,0.00239,166.451,91.877,0.296
233,2018-08-10,6414.0,356.341,61.73,0.00252,182.251,97.559,0.34
234,2018-08-09,6398.0,361.315,63.02,0.00247,178.55,99.196,0.337
235,2018-08-08,6454.0,366.405,64.73,0.0025,181.476,100.356,0.353
236,2018-08-07,7000.0,403.193,73.369,0.00277,201.04,114.141,0.413
237,2018-08-06,7006.0,407.729,74.418,0.00284,205.779,116.193,0.426
238,2018-08-05,7009.0,406.868,73.792,0.00285,205.427,115.034,0.431
239,2018-08-04,7260.0,412.101,75.737,0.0029,207.873,117.314,0.434
240,2018-08-03,7403.0,410.039,76.074,0.00292,207.624,118.915,0.437
241,2018-08-02,7598.0,415.863,76.978,0.00302,213.016,125.783,0.435
242,2018-08-01,7580.0,420.923,77.49,0.00301,218.998,123.16,0.449
243,2018-07-31,7929.0,441.036,79.476,0.0031,224.435,126.789,0.437
244,2018-07-30,8142.0,459.605,82.868,0.00326,236.757,132.813,0.449
245,2018-07-29,8206.0,465.904,83.911,0.00335,240.086,138.065,0.451
246,2018-07-28,8180.0,467.496,83.783,0.00343,241.79,140.061,0.453
247,2018-07-27,8021.0,464.927,83.483,0.0034,243.078,138.528,0.448
248,2018-07-26,8199.0,476.029,86.544,0.00351,246.053,142.144,0.464
249,2018-07-25,8254.0,474.714,87.05,0.00354,247.743,142.437,0.456
250,2018-07-24,8068.0,467.81,86.204,0.00354,247.359,139.668,0.458
251,2018-07-23,7681.0,459.853,83.741,0.00353,245.982,134.65,0.452
252,2018-07-22,7455.0,463.305,83.058,0.00352,254.505,131.059,0.454
253,2018-07-21,7353.0,459.661,82.725,0.00345,246.244,129.973,0.449
254,2018-07-20,7430.0,458.668,84.017,0.00362,265.438,135.561,0.461
255,2018-07-19,7399.0,473.914,86.655,0.00369,263.678,141.022,0.487
256,2018-07-18,7413.0,495.013,90.194,0.00353,264.401,144.647,0.51
257,2018-07-17,6889.0,481.164,84.728,0.00299,251.731,139.529,0.471
258,2018-07-16,6537.0,464.55,81.048,0.00253,238.07,128.29,0.466
259,2018-07-15,6342.0,443.555,77.515,0.00238,227.439,123.757,0.446
260,2018-07-14,6253.0,434.064,76.42,0.00234,220.667,122.164,0.437
261,2018-07-13,6256.0,436.091,77.251,0.00233,224.274,122.95,0.442
262,2018-07-12,6252.0,434.059,76.412,0.00233,212.328,122.58,0.433
263,2018-07-11,6400.0,439.544,77.853,0.00244,220.128,125.03,0.451
264,2018-07-10,6516.0,449.73,77.513,0.0025,225.369,127.946,0.449
265,2018-07-09,6739.0,481.71,82.178,0.00263,239.155,138.68,0.479
266,2018-07-08,6759.0,487.68,84.343,0.00265,245.807,136.673,0.494
267,2018-07-07,6611.0,469.681,82.101,0.00261,242.252,133.268,0.472
268,2018-07-06,6569.0,467.227,83.092,0.0026,240.005,135.165,0.477
269,2018-07-05,6602.0,470.334,84.547,0.00264,246.866,138.689,0.489
270,2018-07-04,6592.0,467.609,85.75,0.00266,244.274,141.09,0.486
271,2018-07-03,6614.0,472.836,86.948,0.00269,253.65,140.891,0.495
272,2018-07-02,6479.0,461.591,82.348,0.0026,245.44,134.842,0.458
273,2018-07-01,6388.0,453.007,80.134,0.00253,236.202,130.416,0.46
274,2018-06-30,6382.0,449.963,81.494,0.0025,241.028,130.63,0.469
275,2018-06-29,5935.0,417.151,74.621,0.0023,223.517,120.079,0.43
276,2018-06-28,6120.0,435.865,79.241,0.00242,224.742,130.581,0.46
277,2018-06-27,6128.0,434.665,78.544,0.00243,229.535,127.027,0.463
278,2018-06-26,6233.0,450.846,80.632,0.00251,237.581,126.593,0.477
279,2018-06-25,6225.0,457.744,81.487,0.00251,241.725,126.762,0.491
280,2018-06-24,6044.0,451.302,79.386,0.00251,237.172,115.369,0.468
281,2018-06-23,6146.0,471.371,83.932,0.00262,244.794,114.608,0.491
282,2018-06-22,6382.0,490.26,89.241,0.00277,247.041,116.098,0.51
283,2018-06-21,6755.0,533.614,97.401,0.00299,265.473,122.986,0.538
284,2018-06-20,6698.0,529.553,97.247,0.00298,259.198,122.648,0.53
285,2018-06-19,6737.0,527.798,98.562,0.00301,264.987,127.173,0.548
286,2018-06-18,6543.0,502.428,95.87,0.00291,259.32,123.832,0.514
287,2018-06-17,6534.0,501.699,96.74,0.00289,267.341,125.212,0.535
288,2018-06-16,6482.0,496.537,96.159,0.00287,261.132,125.946,0.533
289,2018-06-15,6567.0,501.792,98.22,0.00291,262.633,127.941,0.548
290,2018-06-14,6515.0,492.603,97.344,0.00287,260.473,129.078,0.556
291,2018-06-13,6459.0,481.022,95.995,0.00293,253.101,121.173,0.539
292,2018-06-12,6775.0,521.061,105.047,0.00316,270.429,132.354,0.593
293,2018-06-11,6767.0,525.832,106.306,0.00313,269.425,136.499,0.584
294,2018-06-10,7150.0,558.971,111.665,0.00335,285.011,144.129,0.625
295,2018-06-09,7653.0,604.065,119.971,0.00365,305.332,158.627,0.672
296,2018-06-08,7650.0,601.928,120.072,0.00368,311.291,161.013,0.665
297,2018-06-07,7708.0,608.398,121.796,0.00377,315.499,167.096,0.682
298,2018-06-06,7619.0,605.064,121.139,0.0037,314.837,165.349,0.672
299,2018-06-05,7513.0,595.268,119.246,0.00359,314.713,163.211,0.665
300,2018-06-04,7594.0,602.107,121.85,0.00357,321.357,163.535,0.653
301,2018-06-03,7706.0,611.15,125.286,0.00364,330.622,170.377,0.661
302,2018-06-02,7615.0,588.746,122.206,0.00352,320.606,162.442,0.643
303,2018-06-01,7501.0,576.459,118.927,0.00342,307.362,155.929,0.621
304,2018-05-31,7517.0,572.5,119.047,0.00343,308.477,156.884,0.615
305,2018-05-30,7454.0,562.269,119.423,0.00343,310.135,157.214,0.619
306,2018-05-29,7311.0,542.952,116.666,0.0033,301.681,155.601,0.6
307,2018-05-28,7274.0,538.415,114.767,0.00331,304.991,159.227,0.576
308,2018-05-27,7346.0,575.72,118.001,0.00341,318.477,164.229,0.61
309,2018-05-26,7517.0,596.332,120.61,0.00352,335.008,166.213,0.621
310,2018-05-25,7507.0,594.803,120.544,0.00353,339.454,167.811,0.619
311,2018-05-24,7551.0,587.165,120.784,0.00347,340.958,170.016,0.616
312,2018-05-23,7816.0,614.983,124.09,0.00363,347.414,174.563,0.618
313,2018-05-22,8261.0,681.455,132.826,0.00408,374.373,188.184,0.671
314,2018-05-21,8476.0,707.172,136.866,0.00432,395.17,199.565,0.689
315,2018-05-20,8378.0,711.294,137.263,0.00431,393.958,200.476,0.685
316,2018-05-19,8266.0,697.014,135.475,0.00426,393.371,199.735,0.673
317,2018-05-18,8115.0,678.857,132.981,0.00417,386.267,192.518,0.672
318,2018-05-17,8297.0,699.933,137.853,0.00435,407.112,200.099,0.696
319,2018-05-16,8291.0,695.097,137.663,0.00438,408.006,197.212,0.706
320,2018-05-15,8652.0,723.705,144.088,0.00456,434.138,210.995,0.748
321,2018-05-14,8595.0,718.634,142.582,0.00443,414.581,206.38,0.736
322,2018-05-13,8566.0,703.788,141.901,0.00439,406.996,207.333,0.7
323,2018-05-12,8438.0,671.294,138.632,0.00427,394.944,198.44,0.696
324,2018-05-11,8725.0,698.979,142.056,0.00448,404.14,206.162,0.686
325,2018-05-10,9288.0,754.168,156.629,0.00501,447.201,227.34,0.8
326,2018-05-09,9210.0,739.982,156.519,0.00504,436.21,224.033,0.803
327,2018-05-08,9282.0,749.138,162.172,0.00514,452.476,227.037,0.815
328,2018-05-07,9367.0,743.309,164.107,0.00485,461.994,227.909,0.825
329,2018-05-06,9658.0,792.784,172.636,0.005,494.284,236.715,0.873
330,2018-05-05,9844.0,809.529,174.63,0.00525,496.974,243.361,0.902
331,2018-05-04,9670.0,783.083,162.112,0.00536,490.212,242.477,0.905
332,2018-05-03,9387.0,734.123,156.039,0.00547,493.527,247.593,0.854
333,2018-05-02,9128.0,678.864,148.787,0.00528,475.46,245.145,0.858
334,2018-05-01,9004.0,658.012,145.549,0.00509,467.734,234.883,0.833
335,2018-04-30,9304.0,682.708,151.007,0.00535,484.462,246.334,0.852
336,2018-04-29,9365.0,684.336,152.341,0.00545,493.172,253.073,0.847
337,2018-04-28,9249.0,676.536,150.224,0.00553,490.711,256.206,0.84
338,2018-04-27,9228.0,665.522,150.635,0.00563,490.087,260.784,0.855
339,2018-04-26,8894.0,631.231,146.68,0.00525,475.286,262.062,0.806
340,2018-04-25,9231.0,644.087,151.371,0.00533,484.791,267.968,0.818
341,2018-04-24,9325.0,689.517,161.895,0.00576,533.258,292.329,0.918
342,2018-04-23,8925.0,639.477,150.831,0.00561,487.032,280.298,0.876
343,2018-04-22,8913.0,622.605,149.074,0.00562,461.331,266.886,0.906
344,2018-04-21,8820.0,604.706,149.595,0.00553,445.741,256.88,0.824
345,2018-04-20,8464.0,584.742,149.524,0.00582,441.953,250.355,0.875
346,2018-04-19,8242.0,543.621,142.462,0.00564,422.097,233.32,0.72
347,2018-04-18,8085.0,514.947,137.236,0.00503,390.282,220.681,0.682
348,2018-04-17,8075.0,512.062,134.848,0.00475,370.798,198.154,0.67
349,2018-04-16,8104.0,512.054,128.234,0.0046,365.637,194.686,0.657
350,2018-04-15,8241.0,520.189,130.151,0.0044,375.093,198.37,0.675
351,2018-04-14,8025.0,501.885,127.004,0.00413,362.359,192.598,0.637
352,2018-04-13,8008.0,504.831,128.967,0.00402,366.689,193.979,0.638
353,2018-04-12,7355.0,450.571,119.9,0.00353,328.153,178.272,0.544
354,2018-04-11,6912.0,420.062,114.766,0.00327,303.268,166.866,0.492
355,2018-04-10,6805.0,403.112,114.192,0.00287,299.706,166.358,0.484
356,2018-04-09,6918.0,404.459,117.39,0.00282,308.716,171.554,0.487
357,2018-04-08,7020.0,395.618,117.28,0.00285,305.813,171.794,0.492
358,2018-04-07,6916.0,384.71,117.615,0.00281,303.543,169.564,0.486
359,2018-04-06,6673.0,372.537,115.195,0.00271,291.369,167.91,0.472
360,2018-04-05,6780.0,378.655,118.555,0.00273,299.735,171.187,0.496
361,2018-04-04,7107.0,391.494,123.913,0.00285,320.187,178.891,0.513
362,2018-04-03,7345.0,401.669,126.161,0.00291,332.2,185.673,0.538
363,2018-04-02,7004.0,385.716,118.787,0.00278,301.593,178.152,0.505
364,2018-04-01,6826.0,382.52,114.722,0.00273,300.044,175.706,0.487
365,2018-03-31,7025.0,401.714,120.101,0.00281,320.072,177.962,0.519
366,2018-03-30,6908.0,385.057,116.909,0.00273,318.871,171.72,0.512
367,2018-03-29,7548.0,414.781,122.187,0.00297,333.486,187.51,0.539
368,2018-03-28,7940.0,451.701,134.632,0.00314,357.353,193.494,0.59
369,2018-03-27,7983.0,463.714,141.66,0.00317,371.186,190.281,0.581
370,2018-03-26,8236.0,499.98,153.291,0.00333,395.544,200.024,0.599
371,2018-03-25,8559.0,522.642,160.225,0.00347,417.9,207.961,0.632
372,2018-03-24,8881.0,537.53,165.261,0.00359,443.336,214.419,0.644
373,2018-03-23,8549.0,523.716,161.142,0.00344,407.21,206.616,0.637
374,2018-03-22,8809.0,548.63,166.531,0.00359,421.284,214.368,0.662
375,2018-03-21,9002.0,569.452,171.482,0.0037,437.199,227.154,0.711
376,2018-03-20,8641.0,544.311,162.746,0.00352,416.617,217.284,0.695
377,2018-03-19,8360.0,539.482,156.134,0.00332,388.041,211.438,0.663
378,2018-03-18,7696.0,508.635,146.597,0.00306,368.263,188.274,0.609
379,2018-03-17,8099.0,585.957,159.125,0.00341,409.655,206.639,0.684
380,2018-03-16,8327.0,609.608,164.994,0.00354,418.968,211.833,0.693
381,2018-03-15,8124.0,602.203,160.925,0.00347,414.688,212.564,0.721
382,2018-03-14,8789.0,660.81,169.335,0.00377,466.963,234.359,0.755
383,2018-03-13,9170.0,695.08,176.468,0.00396,493.699,254.061,0.786
384,2018-03-12,9457.0,715.011,184.916,0.00407,522.76,271.724,0.837
385,2018-03-11,9065.0,702.129,183.35,0.00406,502.687,264.962,0.817
386,2018-03-10,9252.0,724.174,186.337,0.00418,508.675,279.672,0.836
387,2018-03-09,8927.0,686.236,173.818,0.00388,466.101,262.647,0.797
388,2018-03-08,9724.0,739.174,181.899,0.00409,507.996,306.893,0.871
389,2018-03-07,10428.0,782.297,190.754,0.00438,550.62,344.346,0.922
390,2018-03-06,11051.0,833.453,203.315,0.0048,586.94,354.303,0.945
391,2018-03-05,11537.0,862.198,212.046,0.00535,617.546,368.281,1.054
392,2018-03-04,11271.0,854.52,209.298,0.00531,607.454,350.397,0.901
393,2018-03-03,11365.0,861.705,213.527,0.00547,608.791,354.774,0.911
394,2018-03-02,11002.0,863.687,207.898,0.00585,609.988,323.331,0.907
395,2018-03-01,10666.0,866.53,208.357,0.0061,600.642,297.183,0.916
396,2018-02-28,10607.0,870.604,210.932,0.00611,600.647,293.053,0.919
397,2018-02-27,10575.0,879.503,217.933,0.0064,621.191,297.528,0.959
398,2018-02-26,9939.0,861.542,223.034,0.00625,606.362,282.558,0.931
399,2018-02-25,9649.0,840.435,210.682,0.00616,590.908,271.311,0.95
400,2018-02-24,9975.0,844.517,206.097,0.00642,606.693,274.122,0.947
401,2018-02-23,10046.0,846.334,201.442,0.00644,626.007,277.554,0.991
402,2018-02-22,10325.0,831.455,205.431,0.00641,639.666,292.167,0.972
403,2018-02-21,10851.0,869.451,218.028,0.00689,684.22,301.704,1.073
404,2018-02-20,11551.0,939.564,239.319,0.00718,726.84,314.94,1.146
405,2018-02-19,10902.0,941.382,222.007,0.00671,713.466,309.189,1.159
406,2018-02-18,10772.0,944.627,223.658,0.0067,709.206,307.002,1.093
407,2018-02-17,10713.0,965.778,229.066,0.00707,728.074,317.356,1.138
408,2018-02-16,10058.0,934.689,221.912,0.00696,696.927,288.511,1.125
409,2018-02-15,9838.0,932.44,224.341,0.00745,687.239,278.283,1.138
410,2018-02-14,9055.0,884.586,193.491,0.0064,644.347,255.05,1.046
411,2018-02-13,8657.0,846.939,158.474,0.00547,602.51,236.564,1.025
412,2018-02-12,8662.0,857.472,158.162,0.00528,614.812,244.398,1.1
413,2018-02-11,8234.0,825.413,150.259,0.00491,594.288,232.937,0.992
414,2018-02-10,8691.0,871.238,160.637,0.00511,641.782,256.08,1.106
415,2018-02-09,8300.0,832.564,149.579,0.00462,606.837,245.608,0.802
416,2018-02-08,8256.0,814.922,146.574,0.00457,573.808,235.346,0.764
417,2018-02-07,7933.0,799.065,146.208,0.00441,542.449,215.349,0.771
418,2018-02-06,6852.0,679.592,124.155,0.00356,447.777,176.38,0.658
419,2018-02-05,7704.0,776.937,139.141,0.00397,505.596,199.712,0.801
420,2018-02-04,8826.0,908.425,158.309,0.00479,601.939,239.832,0.917
421,2018-02-03,9091.0,957.23,142.275,0.0049,614.059,246.147,0.867
422,2018-02-02,8748.0,930.55,130.039,0.00446,566.673,230.471,0.721
423,2018-02-01,9755.0,1111.0,155.269,0.00551,662.219,262.831,1.09
424,2018-01-31,10154.0,1100.0,163.73,0.006,687.488,276.165,1.118
425,2018-01-30,10781.0,1140.0,174.769,0.00656,741.447,297.862,1.261
426,2018-01-29,11372.0,1190.0,183.916,0.00715,775.014,319.82,1.325
427,2018-01-28,11710.0,1188.0,187.721,0.00745,791.906,329.633,1.292
428,2018-01-27,11294.0,1081.0,179.566,0.00735,773.573,323.813,1.214
429,2018-01-26,11085.0,1050.0,176.598,0.00727,782.809,313.794,1.18
430,2018-01-25,11384.0,1071.0,181.909,0.0074,802.731,319.382,1.339
431,2018-01-24,11094.0,1016.0,179.949,0.00685,764.518,314.49,1.367
432,2018-01-23,10800.0,985.307,177.319,0.00668,758.517,309.308,1.299
433,2018-01-22,11217.0,1029.0,185.355,0.00695,795.452,331.022,1.402
434,2018-01-21,11984.0,1086.0,196.349,0.00765,854.04,359.625,1.396
435,2018-01-20,12544.0,1124.0,205.654,0.00838,914.396,386.672,1.583
436,2018-01-19,11560.0,1050.0,194.819,0.00796,845.62,333.208,1.668
437,2018-01-18,11561.0,1046.0,194.366,0.00809,841.044,332.888,1.421
438,2018-01-17,10747.0,955.432,175.464,0.00653,740.745,301.041,1.132
439,2018-01-16,12255.0,1135.0,207.214,0.00811,839.055,359.78,1.349
440,2018-01-15,13932.0,1332.0,239.774,0.0109,1004.0,415.051,1.839
441,2018-01-14,13821.0,1350.0,246.651,0.0116,1045.0,408.795,1.897
442,2018-01-13,14363.0,1356.0,246.791,0.0127,1102.0,418.235,2.076
443,2018-01-12,13850.0,1236.0,235.896,0.0123,1043.0,375.569,2.023
444,2018-01-11,13863.0,1225.0,235.647,0.0119,1038.0,377.956,1.821
445,2018-01-10,14328.0,1322.0,243.709,0.0125,1080.0,398.364,1.906
446,2018-01-09,15041.0,1218.0,253.257,0.0148,1108.0,427.487,2.439
447,2018-01-08,15476.0,1154.0,260.441,0.0161,1125.0,392.53,2.571
448,2018-01-07,16733.0,1081.0,281.463,0.0163,1208.0,412.855,3.233
449,2018-01-06,16784.0,996.619,280.967,0.0145,1143.0,373.2,3.077
450,2018-01-05,15881.0,980.277,243.826,0.0106,1127.0,364.125,3.323
451,2018-01-04,14883.0,951.139,234.456,0.00927,1117.0,374.467,3.649
452,2018-01-03,15027.0,887.35,248.334,0.00908,1132.0,376.468,2.748
453,2018-01-02,13924.0,850.339,245.454,0.00903,1100.0,357.303,2.34
454,2018-01-01,13523.0,750.972,225.301,0.00864,1015.0,334.307,2.266
455,2017-12-31,13402.0,721.422,220.879,0.00843,999.909,326.544,2.209
456,2017-12-30,13277.0,704.505,221.011,0.00813,994.755,324.054,2.498
457,2017-12-29,14598.0,738.099,247.439,0.00841,1101.0,356.554,1.605
458,2017-12-28,14342.0,707.761,246.956,0.00794,1058.0,348.686,1.351
459,2017-12-27,15712.0,750.511,273.441,0.00913,1170.0,374.477,1.259
460,2017-12-26,15224.0,744.981,275.399,0.00885,1157.0,351.581,1.126
461,2017-12-25,13825.0,716.775,269.604,0.00974,1136.0,338.706,1.051
462,2017-12-24,13698.0,662.122,264.923,0.00728,1122.0,331.586,1.094
463,2017-12-23,15086.0,729.214,289.467,0.00723,1250.0,375.987,1.137
464,2017-12-22,14030.0,681.631,261.023,0.00602,1160.0,344.231,1.092
465,2017-12-21,16311.0,808.987,309.445,0.0075,1436.0,439.391,1.001
466,2017-12-20,16899.0,797.161,321.367,0.00562,1357.0,410.813,0.768
467,2017-12-19,18319.0,823.002,352.799,0.00605,1179.0,369.913,0.836
468,2017-12-18,18854.0,734.651,321.408,0.00614,1092.0,350.103,0.751
469,2017-12-17,19401.0,716.841,318.621,0.00631,1084.0,344.327,0.754
470,2017-12-16,18334.0,693.475,298.999,0.00455,912.73,321.181,0.766
471,2017-12-15,17543.0,669.39,283.459,0.00359,885.761,307.197,0.786
472,2017-12-14,16521.0,707.294,290.082,0.00354,918.082,318.084,0.555
473,2017-12-13,16746.0,663.96,305.938,0.00346,886.126,308.923,0.477
474,2017-12-12,16914.0,560.868,274.224,0.00292,819.668,292.467,0.268
475,2017-12-11,16561.0,466.34,173.143,0.00273,727.524,261.934,0.244
476,2017-12-10,14558.0,447.893,142.819,0.00249,688.211,242.814,0.233
477,2017-12-09,15335.0,478.17,148.033,0.00267,747.652,268.624,0.251
478,2017-12-08,16326.0,451.546,109.22,0.00269,720.237,266.516,0.251
479,2017-12-07,15282.0,426.822,96.642,0.00267,680.969,261.263,0.228
480,2017-12-06,12656.0,440.041,100.126,0.00251,718.773,269.441,0.243
481,2017-12-05,11716.0,461.928,101.783,0.00253,755.82,226.18,0.251
482,2017-12-04,11414.0,463.753,100.07,0.00229,761.036,199.19,0.255
483,2017-12-03,11320.0,468.332,101.226,0.00221,775.671,200.662,0.257
484,2017-12-02,10976.0,462.131,100.149,0.00211,770.364,189.654,0.258
485,2017-12-01,10236.0,443.806,89.891,0.00208,769.485,179.587,0.244
486,2017-11-30,9996.0,434.809,85.674,0.00208,743.855,175.28,0.25
487,2017-11-29,10480.0,471.579,96.062,0.00232,668.856,189.638,0.281
488,2017-11-28,9867.0,470.756,92.124,0.00207,617.184,183.426,0.268
489,2017-11-27,9607.0,475.312,89.428,0.00196,625.522,164.397,0.253
490,2017-11-26,9041.0,458.47,85.641,0.00202,625.365,162.41,0.251
491,2017-11-25,8464.0,467.473,81.638,0.00196,607.887,164.63,0.246
492,2017-11-24,8168.0,430.176,74.528,0.00189,559.164,158.751,0.239
493,2017-11-23,8184.0,398.242,73.387,0.00201,567.074,162.744,0.239
494,2017-11-22,8206.0,366.425,70.846,0.00148,546.247,152.262,0.236
495,2017-11-21,8178.0,364.873,70.866,0.00136,486.01,138.051,0.236
496,2017-11-20,8112.0,360.695,71.862,0.00136,445.649,134.545,0.236
497,2017-11-19,7832.0,354.514,70.07,0.00135,445.442,131.107,0.227
498,2017-11-18,7705.0,334.009,67.406,0.00131,448.034,128.119,0.227
499,2017-11-17,7840.0,331.065,67.901,0.00132,419.925,122.659,0.228
500,2017-11-16,7462.0,328.519,63.9,0.00133,419.026,122.171,0.211
501,2017-11-15,7074.0,335.229,63.62,0.00127,428.99,122.446,0.211
502,2017-11-14,6601.0,327.483,61.805,0.00118,421.328,122.335,0.207
503,2017-11-13,6345.0,314.775,60.318,0.00113,435.371,125.402,0.201
504,2017-11-12,6115.0,308.916,59.653,0.00109,375.016,120.327,0.196
505,2017-11-11,6549.0,306.993,61.214,0.00119,339.131,113.118,0.211
506,2017-11-10,6951.0,310.542,62.252,0.00127,328.554,112.678,0.217
507,2017-11-09,7250.0,318.067,63.596,0.00128,327.106,116.514,0.22
508,2017-11-08,7383.0,300.929,61.767,0.00118,301.223,102.528,0.211
509,2017-11-07,7113.0,295.875,57.547,0.00117,288.099,99.103,0.207
510,2017-11-06,7254.0,298.239,54.856,0.00119,273.961,91.312,0.203
511,2017-11-05,7472.0,297.759,54.857,0.00118,273.715,86.98,0.204
512,2017-11-04,7264.0,299.439,55.22,0.00116,275.401,86.76,0.205
513,2017-11-03,7240.0,295.189,54.849,0.00115,269.731,85.646,0.207
514,2017-11-02,6963.0,284.864,52.393,0.0011,263.214,83.23,0.188
515,2017-11-01,6507.0,299.041,54.724,0.00112,275.056,86.291,0.201
516,2017-10-31,6244.0,307.08,56.106,0.00114,282.72,88.274,0.203
517,2017-10-30,6122.0,306.667,56.741,0.00116,284.474,88.818,0.203
518,2017-10-29,5882.0,301.65,55.574,0.0011,281.421,87.812,0.202
519,2017-10-28,5755.0,294.268,54.657,0.00101,281.297,86.303,0.203
520,2017-10-27,5824.0,295.811,55.214,0.00103,282.136,87.132,0.203
521,2017-10-26,5824.0,296.526,55.794,0.00105,286.546,88.333,0.205
522,2017-10-25,5546.0,295.64,54.989,0.00104,288.852,87.976,0.206
523,2017-10-24,5662.0,303.431,57.156,0.00106,294.172,88.883,0.207
524,2017-10-23,5877.0,285.31,54.457,0.000994,273.119,85.025,0.195
525,2017-10-22,5919.0,295.789,56.946,0.00103,276.499,86.962,0.204
526,2017-10-21,6077.0,297.645,58.363,0.001,284.439,87.745,0.205
527,2017-10-20,5788.0,306.276,59.79,0.00105,292.371,90.003,0.216
528,2017-10-19,5656.0,309.27,59.901,0.00105,295.699,89.609,0.213
529,2017-10-18,5398.0,304.251,57.202,0.00103,289.393,88.687,0.224
530,2017-10-17,5633.0,324.508,61.441,0.0011,300.857,94.104,0.258
531,2017-10-16,5680.0,339.631,64.313,0.00112,306.029,95.188,0.271
532,2017-10-15,5632.0,332.145,65.086,0.00105,303.625,95.58,0.258
533,2017-10-14,5677.0,341.444,61.408,0.00105,312.937,95.147,0.265
534,2017-10-13,5611.0,323.599,57.956,0.00103,299.202,89.978,0.249
535,2017-10-12,5076.0,305.357,52.838,0.00105,294.857,87.569,0.261
536,2017-10-11,4796.0,301.01,50.546,0.00102,292.797,87.01,0.265
537,2017-10-10,4825.0,299.494,50.476,0.000983,286.923,86.726,0.25
538,2017-10-09,4655.0,302.045,51.503,0.000999,292.742,88.39,0.266
539,2017-10-08,4508.0,311.82,53.074,0.00104,311.967,91.257,0.242
540,2017-10-07,4364.0,309.106,51.889,0.00102,307.545,90.876,0.236
541,2017-10-06,4372.0,300.453,52.217,0.00102,307.562,91.786,0.238
542,2017-10-05,4268.0,293.343,51.204,0.000991,301.656,90.275,0.222
543,2017-10-04,4263.0,293.48,51.932,0.00102,304.797,90.948,0.204
544,2017-10-03,4326.0,293.577,52.288,0.00103,299.93,90.126,0.201
545,2017-10-02,4421.0,299.593,54.156,0.00108,315.759,92.197,0.204
546,2017-10-01,4323.0,300.398,54.395,0.00109,322.733,93.901,0.198
547,2017-09-30,4290.0,301.213,54.823,0.00111,331.005,95.55,0.198
548,2017-09-29,4156.0,292.96,53.128,0.00106,329.99,95.132,0.192
549,2017-09-28,4200.0,304.622,55.632,0.00112,344.884,99.37,0.199
550,2017-09-27,4045.0,297.084,54.154,0.00115,345.436,97.269,0.193
551,2017-09-26,3928.0,292.596,52.67,0.00114,345.26,94.103,0.182
552,2017-09-25,3832.0,291.62,50.074,0.000993,342.529,92.229,0.177
553,2017-09-24,3713.0,285.658,48.172,0.000913,345.144,90.136,0.175
554,2017-09-23,3735.0,275.465,48.608,0.000848,351.61,90.135,0.175
555,2017-09-22,3645.0,263.055,47.084,0.00075,343.624,87.315,0.173
556,2017-09-21,3811.0,277.224,50.123,0.000802,347.283,92.473,0.18
557,2017-09-20,3958.0,287.108,52.941,0.000857,334.15,96.721,0.184
558,2017-09-19,3978.0,288.019,54.167,0.000902,326.732,98.022,0.184
559,2017-09-18,3962.0,289.049,54.938,0.000927,333.994,100.42,0.186
560,2017-09-17,3669.0,253.556,51.122,0.000853,298.78,94.82,0.173
561,2017-09-16,3733.0,258.206,52.961,0.000918,295.995,99.293,0.185
562,2017-09-15,3430.0,238.402,47.915,0.000925,264.188,92.153,0.168
563,2017-09-14,3648.0,255.365,55.27,0.0012,276.371,104.388,0.198
564,2017-09-13,3956.0,277.277,62.191,0.00141,303.098,107.882,0.204
565,2017-09-12,4271.0,303.992,69.309,0.00156,326.022,113.959,0.218
566,2017-09-11,4239.0,298.442,68.424,0.00153,322.572,113.091,0.214
567,2017-09-10,4224.0,295.313,67.545,0.00157,317.049,112.029,0.202
568,2017-09-09,4327.0,303.933,71.522,0.00175,327.494,116.798,0.209
569,2017-09-08,4509.0,321.587,77.417,0.00191,343.515,122.434,0.224
570,2017-09-07,4613.0,333.382,80.322,0.00201,345.68,120.695,0.22
571,2017-09-06,4564.0,333.811,78.454,0.00204,341.903,121.25,0.221
572,2017-09-05,4290.0,303.38,69.138,0.00191,313.535,110.976,0.207
573,2017-09-04,4402.0,318.052,71.643,0.00199,332.256,114.366,0.207
574,2017-09-03,4601.0,351.383,79.547,0.00223,357.885,124.568,0.23
575,2017-09-02,4694.0,361.118,81.192,0.00237,365.671,130.948,0.232
576,2017-09-01,4808.0,392.888,79.441,0.00218,387.787,142.942,0.253
577,2017-08-31,4677.0,386.127,68.211,0.0021,375.85,139.769,0.227
578,2017-08-30,4586.0,380.551,63.045,0.00196,368.024,129.746,0.22
579,2017-08-29,4473.0,361.687,62.373,0.00185,361.064,136.316,0.218
580,2017-08-28,4316.0,343.939,61.967,0.00178,358.468,139.924,0.201
581,2017-08-27,4349.0,336.901,57.664,0.00176,373.203,132.308,0.207
582,2017-08-26,4323.0,330.182,50.923,0.00173,353.804,130.485,0.217
583,2017-08-25,4367.0,331.815,50.864,0.00177,314.962,95.728,0.228
584,2017-08-24,4202.0,321.612,51.661,0.00177,298.599,86.657,0.262
585,2017-08-23,4156.0,319.28,48.051,0.00173,293.911,92.366,0.292
586,2017-08-22,3941.0,312.319,46.255,0.00168,282.924,85.023,0.175
587,2017-08-21,4043.0,319.922,46.494,0.00167,286.906,71.34,0.157
588,2017-08-20,4101.0,293.178,45.229,0.00165,299.311,54.13,0.154
589,2017-08-19,4090.0,292.068,44.814,0.00165,253.876,52.504,0.157
590,2017-08-18,4240.0,299.851,45.513,0.00168,232.24,47.954,0.157
591,2017-08-17,4354.0,304.164,44.025,0.00171,242.914,48.489,0.159
592,2017-08-16,4177.0,293.728,43.418,0.00173,216.313,48.208,0.156
593,2017-08-15,4189.0,288.391,43.305,0.00171,199.02,48.208,0.166
594,2017-08-14,4185.0,300.658,45.598,0.00177,199.531,48.613,0.173
595,2017-08-13,4041.0,295.784,45.923,0.00179,201.423,48.128,0.168
596,2017-08-12,3780.0,313.325,46.946,0.00187,207.342,49.278,0.178
597,2017-08-11,3514.0,301.33,46.971,0.00184,203.854,50.065,0.181
598,2017-08-10,3399.0,301.217,47.857,0.00192,202.021,50.461,0.181
599,2017-08-09,3353.0,299.059,48.42,0.00193,201.197,51.589,0.189
600,2017-08-08,3422.0,280.817,46.401,0.00196,198.447,51.36,0.18
601,2017-08-07,3306.0,266.048,45.594,0.00193,193.422,48.087,0.18
602,2017-08-06,3238.0,260.854,45.738,0.002,191.89,48.163,0.185
603,2017-08-05,3152.0,237.997,45.641,0.00193,191.454,47.911,0.177
604,2017-08-04,2831.0,223.299,42.841,0.00179,188.89,43.916,0.175
605,2017-08-03,2747.0,222.453,42.358,0.00177,184.488,43.748,0.172
606,2017-08-02,2718.0,221.54,42.445,0.00178,183.105,43.865,0.176
607,2017-08-01,2785.0,216.975,42.547,0.00173,180.711,42.23,0.171
608,2017-07-31,2771.0,196.409,40.87,0.00166,175.225,40.011,0.165
609,2017-07-30,2693.0,198.66,40.491,0.00171,177.312,41.712,0.166
610,2017-07-29,2725.0,187.808,39.563,0.0017,176.6,43.373,0.159
611,2017-07-28,2742.0,197.203,40.835,0.00177,189.366,44.242,0.172
612,2017-07-27,2571.0,202.141,41.703,0.00178,195.117,45.188,0.174
613,2017-07-26,2503.0,200.432,41.715,0.00173,193.245,41.545,0.171
614,2017-07-25,2625.0,210.8,42.769,0.00185,198.519,41.672,0.183
615,2017-07-24,2745.0,225.737,44.776,0.00199,201.387,43.394,0.193
616,2017-07-23,2760.0,227.295,45.144,0.00205,192.333,43.016,0.191
617,2017-07-22,2766.0,223.716,45.702,0.00198,192.331,41.529,0.185
618,2017-07-21,2702.0,223.04,45.505,0.00193,188.634,40.332,0.187
619,2017-07-20,2471.0,216.874,42.715,0.00182,180.958,37.975,0.169
620,2017-07-19,2309.0,221.246,42.2,0.00179,162.239,36.261,0.187
621,2017-07-18,2268.0,200.76,43.087,0.00163,154.506,35.408,0.177
622,2017-07-17,2054.0,171.39,41.645,0.00141,143.131,32.5,0.162
623,2017-07-16,1941.0,156.388,38.716,0.00136,133.379,30.543,0.164
624,2017-07-15,2079.0,184.275,39.83,0.00154,149.307,33.252,0.18
625,2017-07-14,2276.0,196.448,43.458,0.00171,164.263,36.524,0.198
626,2017-07-13,2365.0,209.053,45.611,0.00184,173.288,38.85,0.202
627,2017-07-12,2341.0,203.527,45.594,0.0018,172.486,38.452,0.0
628,2017-07-11,2341.0,195.887,44.263,0.00182,167.059,38.094,0.186
629,2017-07-10,2455.0,226.428,47.469,0.00218,190.546,43.172,0.199
630,2017-07-09,2540.0,243.604,50.133,0.00237,203.369,45.911,0.234
631,2017-07-08,2513.0,241.009,47.794,0.00234,198.845,44.13,0.236
632,2017-07-07,2542.0,254.173,47.798,0.00248,197.774,46.968,0.24
633,2017-07-06,2589.0,265.506,50.905,0.00267,212.165,48.181,0.255
634,2017-07-05,2566.0,263.184,52.147,0.00252,192.003,45.757,0.256
635,2017-07-04,2588.0,276.149,50.295,0.0025,183.411,44.686,0.255
636,2017-07-03,2518.0,278.421,44.672,0.00245,176.196,43.047,0.26
637,2017-07-02,2431.0,266.799,38.864,0.0023,168.547,41.518,0.26
638,2017-07-01,2447.0,268.082,38.705,0.00239,172.532,42.587,0.255
639,2017-06-30,2513.0,291.897,40.22,0.00254,179.53,44.83,0.263
640,2017-06-29,2545.0,305.994,40.893,0.00262,179.059,46.337,0.266
641,2017-06-28,2524.0,289.259,40.394,0.00261,180.552,44.707,0.281
642,2017-06-27,2409.0,244.551,37.229,0.00242,162.175,41.647,0.257
643,2017-06-26,2472.0,260.585,38.726,0.00259,161.494,44.152,0.301
644,2017-06-25,2567.0,297.108,42.387,0.00285,0.0,47.181,0.306
645,2017-06-24,2654.0,320.166,44.193,0.00295,182.805,49.787,0.327
646,2017-06-23,2710.0,327.726,45.96,0.00301,186.572,51.072,0.296
647,2017-06-22,2677.0,323.786,45.479,0.00299,183.295,49.797,0.306
648,2017-06-21,2707.0,332.819,44.313,0.00306,187.71,50.883,0.325
649,2017-06-20,2657.0,360.756,46.387,0.0031,193.957,51.939,0.294
650,2017-06-19,2561.0,357.939,46.069,0.00304,196.218,50.611,0.282
651,2017-06-18,2566.0,362.975,43.151,0.00309,181.436,51.598,0.269
652,2017-06-17,2559.0,358.053,40.748,0.00311,171.733,50.647,0.259
653,2017-06-16,2456.0,348.502,30.763,0.00289,161.885,47.003,0.254
654,2017-06-15,2377.0,325.675,28.073,0.00275,154.752,44.668,0.271
655,2017-06-14,2654.0,373.107,30.057,0.00313,175.992,50.785,0.268
656,2017-06-13,2712.0,384.953,29.37,0.00322,178.745,51.866,0.253
657,2017-06-12,2799.0,367.485,30.216,0.00326,179.333,54.221,0.279
658,2017-06-11,2894.0,339.133,30.769,0.00339,172.63,54.546,0.264
659,2017-06-10,2845.0,298.642,29.576,0.00328,148.639,54.422,0.288
660,2017-06-09,2811.0,266.196,30.003,0.00342,146.798,55.864,0.299
661,2017-06-08,2741.0,255.877,29.187,0.00334,143.434,54.683,0.283
662,2017-06-07,2797.0,259.82,29.628,0.00351,146.292,55.915,0.287
663,2017-06-06,2822.0,256.441,30.089,0.00362,144.865,50.881,0.285
664,2017-06-05,2594.0,245.873,29.309,0.00346,144.37,45.512,0.298
665,2017-06-04,2512.0,238.548,27.236,0.00318,142.076,42.553,0.277
666,2017-06-03,2500.0,221.016,27.327,0.00291,145.8,43.685,0.303
667,2017-06-02,2413.0,222.605,27.641,0.00284,141.101,44.038,0.321
668,2017-06-01,2384.0,224.264,27.311,0.00266,140.996,44.157,0.275
669,2017-05-31,2236.0,226.281,24.806,0.00242,128.063,41.016,0.206
670,2017-05-30,2258.0,207.344,25.464,0.00261,119.258,42.552,0.234
671,2017-05-29,2208.0,176.76,24.628,0.0025,112.115,39.597,0.224
672,2017-05-28,2158.0,167.728,23.946,0.00246,109.152,36.597,0.23
673,2017-05-27,2061.0,148.878,22.778,0.00211,103.167,34.216,0.272
674,2017-05-26,2377.0,177.24,28.223,0.0029,128.75,41.283,0.278
675,2017-05-25,2568.0,194.029,31.577,0.00319,136.82,45.892,0.287
676,2017-05-24,2379.0,186.704,32.633,0.00355,148.205,54.335,0.348
677,2017-05-23,2208.0,163.463,27.714,0.00336,132.178,42.958,0.294
678,2017-05-22,2149.0,163.005,24.748,0.00301,110.861,35.937,0.341
679,2017-05-21,2045.0,133.08,26.552,0.00236,99.758,34.872,0.355
680,2017-05-20,1988.0,124.438,27.216,0.00157,101.774,32.691,0.309
681,2017-05-19,1923.0,111.3,27.239,0.00148,92.489,30.999,0.341
682,2017-05-18,1837.0,92.083,26.117,0.00145,85.989,28.925,0.364
683,2017-05-17,1790.0,85.836,23.577,0.00118,83.26,26.383,0.415
684,2017-05-16,1709.0,88.194,23.885,0.00104,86.093,26.654,0.286
685,2017-05-15,1722.0,89.637,26.638,0.00113,86.132,27.673,0.232
686,2017-05-14,1776.0,87.899,28.767,0.00118,89.3,28.373,0.217
687,2017-05-13,1700.0,85.658,27.127,0.00114,86.191,27.945,0.201
688,2017-05-12,1763.0,87.982,29.469,0.0012,89.279,29.382,0.192
689,2017-05-11,1800.0,86.94,30.571,0.00118,90.779,29.262,0.176
690,2017-05-10,1721.0,86.842,33.119,0.00126,91.139,28.859,0.185
691,2017-05-09,1700.0,83.588,27.578,0.00123,90.164,28.178,0.175
692,2017-05-08,1600.0,88.45,28.622,0.00133,98.229,29.59,0.143
693,2017-05-07,1541.0,92.593,29.471,0.00131,99.899,29.684,0.101
694,2017-05-06,1530.0,90.749,26.246,0.000895,97.488,28.372,0.101
695,2017-05-05,1534.0,92.211,25.568,0.000804,96.481,27.267,0.0827
696,2017-05-04,1517.0,84.993,22.349,0.000716,92.887,25.449,0.0615
697,2017-05-03,1462.0,77.385,18.31,0.000646,87.521,23.669,0.0533
698,2017-05-02,1437.0,76.749,15.79,0.00064,86.696,22.773,0.0545
699,2017-05-01,1390.0,78.897,15.988,0.000726,92.279,23.449,0.053
700,2017-04-30,1337.0,72.247,15.992,0.000756,95.174,24.05,0.0539
701,2017-04-29,1335.0,70.021,15.211,0.000738,91.843,22.853,0.0486
702,2017-04-28,1326.0,66.334,14.696,0.000677,79.942,21.984,0.0366
703,2017-04-27,1318.0,57.64,14.684,0.000596,75.907,20.545,0.0323
704,2017-04-26,1293.0,51.977,15.438,0.000546,72.504,19.724,0.0332
705,2017-04-25,1269.0,50.137,14.877,0.000528,72.954,19.929,0.0314
706,2017-04-24,1257.0,50.136,14.985,0.000513,71.749,20.206,0.0312
707,2017-04-23,1252.0,48.801,15.368,0.000506,71.79,20.263,0.0313
708,2017-04-22,1252.0,48.866,13.244,0.000462,72.504,20.543,0.033
709,2017-04-21,1256.0,49.334,11.771,0.000453,72.449,20.444,0.0307
710,2017-04-20,1233.0,48.983,10.736,0.000459,72.371,20.772,0.029
711,2017-04-19,1217.0,50.411,10.773,0.000451,74.447,20.769,0.0334
712,2017-04-18,1218.0,49.473,11.112,0.000456,73.529,20.856,0.0338
713,2017-04-17,1190.0,48.276,12.158,0.000465,75.406,20.63,0.0333
714,2017-04-16,1188.0,48.559,11.687,0.000444,75.848,20.592,0.0337
715,2017-04-15,1188.0,47.995,11.691,0.000424,71.651,20.941,0.0337
716,2017-04-14,1185.0,48.027,11.382,0.000438,71.211,21.48,0.0347
717,2017-04-13,1191.0,48.586,11.255,0.000423,70.797,21.878,0.0342
718,2017-04-12,1218.0,44.199,11.202,0.0004,62.878,21.754,0.0332
719,2017-04-11,1213.0,43.8,9.75,0.000393,61.898,21.728,0.0336
720,2017-04-10,1208.0,43.354,9.549,0.000384,64.265,21.502,0.0343
721,2017-04-09,1194.0,43.766,10.017,0.000402,67.153,20.752,0.0341
722,2017-04-08,1188.0,44.484,10.683,0.00042,67.869,20.07,0.0353
723,2017-04-07,1189.0,42.999,10.455,0.000416,67.702,19.612,0.0311
724,2017-04-06,1164.0,44.224,11.59,0.000453,69.182,19.343,0.0361
725,2017-04-05,1128.0,45.921,9.796,0.000433,71.813,20.649,0.0382
726,2017-04-04,1142.0,43.534,9.001,0.000445,65.493,20.461,0.0315
727,2017-04-03,1132.0,45.616,8.626,0.000504,59.471,20.291,0.0556
728,2017-04-02,1090.0,49.819,7.821,0.000371,66.796,21.039,0.0219
729,2017-04-01,1083.0,50.256,7.126,0.000333,69.508,20.324,0.0226
730,2017-03-31,1057.0,50.224,6.888,0.000335,74.563,20.793,0.0142
731,2017-03-30,1037.0,52.798,6.149,0.000292,81.454,21.048,0.0104
732,2017-03-29,1036.0,52.247,4.236,0.000273,84.264,19.818,0.00971
733,2017-03-28,1045.0,49.857,4.191,0.000262,85.553,19.151,0.00928
734,2017-03-27,1003.0,50.511,4.123,0.000264,87.429,19.354,0.00959
735,2017-03-26,973.897,50.466,4.084,0.00029,93.027,20.064,0.00935
736,2017-03-25,934.795,50.562,4.083,0.000267,96.183,20.683,0.0104
737,2017-03-24,997.754,46.144,4.082,0.000261,102.169,21.545,0.00936
738,2017-03-23,1043.0,41.699,3.997,0.000236,100.345,21.225,0.00737
739,2017-03-22,1062.0,41.289,3.966,0.000237,99.039,21.374,0.00693
740,2017-03-21,1089.0,42.941,4.051,0.000237,98.857,21.799,0.00693
741,2017-03-20,1039.0,43.414,3.987,0.000228,106.246,23.442,0.00696
742,2017-03-19,1014.0,39.469,3.991,0.000221,105.96,22.469,0.00669
743,2017-03-18,1039.0,39.064,4.077,0.000213,103.23,20.452,0.00621
744,2017-03-17,1131.0,45.932,4.217,0.000221,90.993,22.723,0.00631
745,2017-03-16,1218.0,40.318,4.328,0.000233,89.851,21.566,0.0063
746,2017-03-15,1248.0,30.212,4.195,0.000238,93.178,18.111,0.00637
747,2017-03-14,1239.0,28.396,4.201,0.000244,78.292,17.646,0.00635
748,2017-03-13,1229.0,27.152,4.066,0.000241,76.919,17.819,0.00629
749,2017-03-12,1195.0,22.283,3.842,0.000209,72.464,15.741,0.00618
750,2017-03-11,1168.0,19.773,3.814,0.000205,60.442,13.629,0.0062
751,2017-03-10,1202.0,18.161,3.87,0.000207,52.14,12.969,0.00652
752,2017-03-09,1175.0,17.263,3.885,0.000208,46.945,12.884,0.00656
753,2017-03-08,1196.0,17.912,3.908,0.000207,44.104,13.225,0.00654
754,2017-03-07,1252.0,19.115,4.023,0.000209,46.099,14.541,0.00608
755,2017-03-06,1273.0,19.484,4.008,0.000211,45.308,15.324,0.00617
756,2017-03-05,1261.0,18.832,3.967,0.000208,42.415,14.302,0.00633
757,2017-03-04,1271.0,19.398,4.014,0.000209,46.502,13.894,0.00635
758,2017-03-03,1270.0,19.721,4.049,0.000208,44.731,13.736,0.0061
759,2017-03-02,1237.0,18.073,3.899,0.000204,47.738,12.598,0.00559
760,2017-03-01,1203.0,15.89,3.833,0.000202,37.589,12.558,0.00549
761,2017-02-28,1190.0,15.678,3.823,0.000203,30.329,11.844,0.0056
762,2017-02-27,1181.0,14.657,3.85,0.000209,28.274,12.051,0.00568
763,2017-02-26,1160.0,13.725,3.874,0.000204,27.29,11.92,0.00565
764,2017-02-25,1163.0,13.314,3.887,0.000205,25.652,11.942,0.00568
765,2017-02-24,1178.0,13.024,3.903,0.000208,26.568,12.116,0.00589
766,2017-02-23,1140.0,12.746,3.878,0.000201,23.642,12.81,0.00587
767,2017-02-22,1114.0,12.637,3.852,0.000205,21.699,12.334,0.00586
768,2017-02-21,1095.0,12.566,3.8,0.000205,21.29,12.171,0.00586
769,2017-02-20,1052.0,12.71,3.763,0.000206,22.044,12.48,0.00589
770,2017-02-19,1049.0,12.735,3.767,0.000206,22.462,13.186,0.0056
771,2017-02-18,1056.0,12.712,3.854,0.000201,20.738,13.363,0.00601
772,2017-02-17,1043.0,12.718,3.867,0.000207,19.662,13.224,0.00599
773,2017-02-16,1023.0,12.714,3.868,0.00021,19.612,13.203,0.00617
774,2017-02-15,1006.0,12.789,3.818,0.000208,18.837,13.339,0.00627
775,2017-02-14,1003.0,12.257,3.76,0.000207,17.172,12.392,0.00628
776,2017-02-13,994.654,11.231,3.743,0.000206,16.871,12.213,0.00629
777,2017-02-12,999.914,11.298,3.764,0.000205,16.948,12.282,0.00635
778,2017-02-11,1003.0,11.288,3.805,0.000207,16.985,12.212,0.00632
779,2017-02-10,973.244,10.999,3.742,0.000204,16.406,11.966,0.00625
780,2017-02-09,1020.0,11.084,3.839,0.000206,16.689,12.351,0.00646
781,2017-02-08,1049.0,11.313,3.946,0.000209,16.916,12.603,0.00645
782,2017-02-07,1038.0,11.358,3.952,0.000207,16.989,12.65,0.00646
783,2017-02-06,1017.0,11.208,3.944,0.000208,16.651,12.575,0.00645
784,2017-02-05,1016.0,11.177,3.949,0.000208,16.853,12.632,0.00652
785,2017-02-04,1014.0,11.214,3.973,0.00021,17.224,12.603,0.00647
786,2017-02-03,1009.0,10.728,4.013,0.000208,16.831,12.551,0.00648
787,2017-02-02,989.036,10.621,4.027,0.000212,16.001,13.207,0.00659
788,2017-02-01,969.061,10.624,4.036,0.000209,15.805,13.038,0.00627
789,2017-01-31,937.573,10.56,4.053,0.000209,15.915,12.972,0.00641
790,2017-01-30,915.703,10.46,3.893,0.000207,15.678,12.694,0.00641
791,2017-01-29,915.551,10.44,3.836,0.000207,15.229,12.669,0.00635
792,2017-01-28,916.865,10.475,3.841,0.000207,15.112,12.552,0.00639
793,2017-01-27,914.645,10.451,3.816,0.000207,15.15,11.858,0.00671
794,2017-01-26,903.996,10.496,3.756,0.000204,14.572,11.831,0.00649
795,2017-01-25,894.156,10.478,3.729,0.000202,14.082,11.716,0.00655
796,2017-01-24,906.179,10.597,3.79,0.000205,14.313,11.935,0.00667
797,2017-01-23,918.084,10.693,3.823,0.000208,15.045,12.123,0.0067
798,2017-01-22,920.879,10.772,3.859,0.000209,15.147,12.007,0.00674
799,2017-01-21,914.851,10.711,3.888,0.000209,15.011,11.993,0.00674
800,2017-01-20,892.331,10.511,3.876,0.00021,15.149,11.974,0.00707
801,2017-01-19,890.236,10.232,3.856,0.00021,14.629,11.971,0.00675
802,2017-01-18,882.986,10.177,3.871,0.000211,13.884,12.056,0.00668
803,2017-01-17,873.162,9.975,3.899,0.000213,13.722,11.363,0.0068
804,2017-01-16,825.861,9.605,3.873,0.000208,12.514,10.495,0.00682
805,2017-01-15,816.142,9.729,3.895,0.000209,12.29,10.49,0.00682
806,2017-01-14,825.581,9.608,3.929,0.000212,12.43,11.422,0.00672
807,2017-01-13,805.197,9.582,3.933,0.000212,12.12,11.61,0.00655
808,2017-01-12,781.292,9.503,3.914,0.000208,11.459,11.47,0.00657
809,2017-01-11,843.358,10.035,4.161,0.000217,11.837,12.421,0.0067
810,2017-01-10,899.089,10.397,4.441,0.000222,12.379,13.554,0.0062
811,2017-01-09,890.728,10.424,3.995,0.000221,12.422,13.076,0.00624
812,2017-01-08,908.784,9.985,3.939,0.000223,12.635,13.364,0.00636
813,2017-01-07,865.388,9.776,3.802,0.00022,11.949,12.87,0.00629
814,2017-01-06,927.984,10.007,4.01,0.000222,13.189,14.822,0.00623
815,2017-01-05,1045.0,10.479,4.404,0.000225,14.815,16.713,0.0065
816,2017-01-04,1075.0,10.44,4.585,0.000226,14.748,16.807,0.00642
817,2017-01-03,1017.0,8.811,4.525,0.00022,12.383,16.125,0.00632
818,2017-01-02,1010.0,8.182,4.539,0.000222,11.593,14.671,0.0064
819,2017-01-01,970.988,8.233,4.389,0.000224,11.356,13.532,0.00651
820,2016-12-31,952.778,7.995,4.307,0.000225,11.231,13.284,0.00639
821,2016-12-30,950.955,8.225,4.388,0.000226,11.048,12.739,0.00634
822,2016-12-29,965.624,8.096,4.502,0.000225,10.375,13.029,0.00618
823,2016-12-28,950.293,7.182,4.443,0.000221,10.082,13.233,0.00621
824,2016-12-27,911.027,7.16,4.283,0.000227,9.672,10.868,0.00632
825,2016-12-26,896.85,7.21,4.242,0.000229,9.96,9.863,0.00644
826,2016-12-25,871.821,7.192,4.217,0.000228,9.861,9.534,0.00638
827,2016-12-24,897.765,7.237,4.485,0.000232,9.755,9.542,0.00627
828,2016-12-23,894.707,7.324,3.895,0.000224,9.573,9.278,0.00639
829,2016-12-22,852.382,7.6,3.673,0.000222,9.698,8.64,0.00645
830,2016-12-21,811.021,7.725,3.647,0.00022,10.028,8.477,0.00649
831,2016-12-20,789.909,7.603,3.639,0.000217,10.304,8.523,0.00653
832,2016-12-19,789.416,7.712,3.653,0.000217,10.259,8.516,0.00657
833,2016-12-18,787.662,7.817,3.675,0.000216,9.725,8.531,0.00654
834,2016-12-17,786.632,7.626,3.642,0.000216,9.56,8.307,0.0067
835,2016-12-16,779.035,7.812,3.629,0.000215,9.534,8.43,0.00668
836,2016-12-15,776.708,7.954,3.628,0.000214,9.25,8.355,0.00668
837,2016-12-14,776.714,8.336,3.621,0.000214,9.245,8.282,0.00671
838,2016-12-13,777.648,8.376,3.639,0.000216,9.244,7.987,0.00677
839,2016-12-12,774.371,8.323,3.652,0.000222,9.311,7.902,0.00675
840,2016-12-11,767.304,8.172,3.64,0.000216,9.165,7.865,0.00681
841,2016-12-10,771.991,8.276,3.669,0.000213,8.801,7.866,0.00714
842,2016-12-09,768.494,8.348,3.684,0.000212,8.739,7.911,0.00712
843,2016-12-08,766.652,8.474,3.685,0.000212,8.678,7.823,0.00684
844,2016-12-07,760.565,7.739,3.57,0.00021,8.664,7.492,0.00663
845,2016-12-06,755.702,6.825,3.497,0.000209,8.553,7.488,0.00644
846,2016-12-05,754.931,7.221,3.58,0.00021,8.56,7.867,0.0065
847,2016-12-04,764.011,7.658,3.885,0.000211,8.742,8.19,0.00659
848,2016-12-03,764.483,7.867,3.891,0.000211,8.687,8.206,0.00667
849,2016-12-02,767.657,7.949,3.9,0.000212,8.685,8.157,0.00672
850,2016-12-01,747.59,8.433,3.873,0.000214,8.749,8.621,0.00672
851,2016-11-30,737.759,8.401,3.856,0.000212,8.823,7.798,0.00678
852,2016-11-29,732.374,8.207,3.846,0.000212,8.778,7.677,0.00703
853,2016-11-28,732.658,8.787,3.864,0.000216,9.023,7.911,0.00709
854,2016-11-27,732.631,9.068,3.862,0.000217,8.959,7.711,0.0074
855,2016-11-26,734.786,9.33,3.874,0.000218,8.925,7.549,0.0069
856,2016-11-25,734.983,9.372,3.88,0.000218,8.981,7.55,0.00695
857,2016-11-24,738.491,9.479,3.889,0.000214,8.788,7.941,0.00706
858,2016-11-23,742.446,9.81,3.892,0.000218,8.517,7.726,0.00742
859,2016-11-22,741.868,9.873,3.914,0.000219,8.646,7.436,0.00755
860,2016-11-21,734.423,9.56,3.912,0.000217,8.475,6.668,0.00762
861,2016-11-20,740.325,9.563,3.91,0.000214,8.398,6.576,0.0078
862,2016-11-19,747.646,9.607,3.919,0.000214,8.642,6.655,0.00777
863,2016-11-18,742.522,9.673,3.901,0.000216,8.927,6.812,0.00772
864,2016-11-17,742.568,9.966,3.91,0.000219,9.156,6.601,0.00785
865,2016-11-16,721.652,10.145,3.91,0.00022,9.384,6.983,0.00788
866,2016-11-15,709.94,10.049,3.891,0.00022,9.564,7.561,0.00811
867,2016-11-14,701.676,10.01,3.869,0.000222,9.62,7.626,0.00828
868,2016-11-13,696.136,10.066,3.762,0.00022,9.551,7.599,0.008
869,2016-11-12,708.542,10.105,3.773,0.000224,9.665,7.055,0.00807
870,2016-11-11,714.44,10.385,3.811,0.000227,9.588,6.18,0.00814
871,2016-11-10,714.235,10.553,3.817,0.000227,9.633,6.187,0.00807
872,2016-11-09,724.306,10.592,3.877,0.000229,9.719,6.025,0.00821
873,2016-11-08,705.761,10.823,3.844,0.000234,9.987,6.233,0.00813
874,2016-11-07,703.872,10.874,3.862,0.00024,9.543,5.365,0.00817
875,2016-11-06,708.671,10.979,3.897,0.000224,9.318,4.947,0.00823
876,2016-11-05,702.682,11.046,3.885,0.000223,9.149,4.895,0.00816
877,2016-11-04,698.792,10.953,3.874,0.000221,9.116,4.966,0.00806
878,2016-11-03,724.099,10.898,4.029,0.000218,9.084,4.847,0.00822
879,2016-11-02,724.827,10.876,4.072,0.00022,8.991,4.764,0.0081
880,2016-11-01,720.121,10.67,4.043,0.000219,9.006,4.949,0.00819
881,2016-10-31,698.831,11.137,3.988,0.000221,9.479,5.287,0.00806
882,2016-10-30,704.786,10.635,4.027,0.000221,9.041,5.151,0.00776
883,2016-10-29,705.335,10.646,4.02,0.000223,8.773,5.124,0.00814
884,2016-10-28,685.356,11.243,3.963,0.000217,9.398,6.094,0.00848
885,2016-10-27,682.275,11.404,3.991,0.000217,9.509,6.159,0.00881
886,2016-10-26,665.07,11.503,3.907,0.000218,9.275,6.05,0.00893
887,2016-10-25,654.64,11.517,3.874,0.00022,9.694,6.188,0.00907
888,2016-10-24,650.557,11.943,3.866,0.000219,9.893,6.463,0.00946
889,2016-10-23,653.664,11.985,3.872,0.00022,10.204,6.509,0.009
890,2016-10-22,641.524,12.053,3.842,0.00022,10.514,6.587,0.00902
891,2016-10-21,631.236,12.056,3.796,0.000219,10.576,6.602,0.00902
892,2016-10-20,628.962,12.077,3.793,0.000218,10.543,6.742,0.00862
893,2016-10-19,632.653,12.249,3.815,0.000219,10.224,6.646,0.00833
894,2016-10-18,637.034,12.449,3.84,0.000221,10.308,6.271,0.00804
895,2016-10-17,638.715,11.897,3.857,0.000221,10.634,6.075,0.00811
896,2016-10-16,639.793,11.937,3.879,0.000223,11.089,6.386,0.00816
897,2016-10-15,639.211,11.854,3.881,0.000224,11.367,6.712,0.00871
898,2016-10-14,636.521,11.93,3.879,0.000225,11.53,6.957,0.008
899,2016-10-13,635.764,11.925,3.873,0.000226,11.468,7.101,0.00794
900,2016-10-12,637.312,11.818,3.804,0.000227,11.548,7.344,0.00827
901,2016-10-11,631.621,11.93,3.813,0.000231,11.628,7.024,0.00799
902,2016-10-10,616.296,11.817,3.791,0.00023,11.618,7.204,0.0
903,2016-10-09,616.581,12.2,3.815,0.000231,11.678,7.078,0.00747
904,2016-10-08,617.237,12.264,3.837,0.000227,11.815,6.872,0.00727
905,2016-10-07,613.763,12.688,3.831,0.000226,11.919,7.028,0.00746
906,2016-10-06,611.072,12.876,3.818,0.000227,12.059,6.783,0.00739
907,2016-10-05,610.478,13.204,3.827,0.00023,11.965,7.117,0.00758
908,2016-10-04,609.337,13.366,3.821,0.000233,11.8,7.86,0.00805
909,2016-10-03,610.721,13.245,3.83,0.000234,11.968,8.108,0.00822
910,2016-10-02,610.758,13.176,3.831,0.00023,11.735,7.846,0.00815
911,2016-10-01,611.559,13.122,3.836,0.000231,11.906,7.569,0.00867
912,2016-09-30,604.894,13.165,3.825,0.000232,11.999,8.407,0.00912
913,2016-09-29,604.65,13.13,3.84,0.000227,11.721,8.92,0.00884
914,2016-09-28,604.801,13.258,3.842,0.000228,11.542,9.332,0.00835
915,2016-09-27,605.886,13.044,3.855,0.000229,11.475,9.382,0.00819
916,2016-09-26,604.645,12.901,3.836,0.000228,11.466,9.892,0.00839
917,2016-09-25,602.605,12.986,3.814,0.000226,11.547,10.446,0.00766
918,2016-09-24,603.368,13.024,3.823,0.000228,11.505,10.811,0.00728
919,2016-09-23,599.46,13.304,3.792,0.000226,11.571,10.438,0.00688
920,2016-09-22,597.849,13.125,3.775,0.00023,11.507,10.244,0.00697
921,2016-09-21,597.916,13.799,3.774,0.000229,11.398,10.509,0.00674
922,2016-09-20,608.701,13.683,3.824,0.000234,11.354,10.728,0.00685
923,2016-09-19,609.926,12.887,3.837,0.000236,11.491,9.637,0.00685
924,2016-09-18,607.971,12.777,3.821,0.000238,11.704,9.46,0.00691
925,2016-09-17,607.443,12.616,3.819,0.000246,11.787,9.293,0.00724
926,2016-09-16,608.348,12.209,3.823,0.000241,11.993,9.417,0.00792
927,2016-09-15,609.706,12.01,3.833,0.000229,12.541,10.189,0.00598
928,2016-09-14,610.447,11.933,3.839,0.000229,12.677,10.682,0.0059
929,2016-09-13,609.126,11.997,3.828,0.000228,12.274,10.408,0.0059
930,2016-09-12,607.225,11.78,3.828,0.000227,11.963,10.508,0.00587
931,2016-09-11,620.306,11.881,3.953,0.000231,11.354,11.752,0.00588
932,2016-09-10,623.902,11.676,3.976,0.000231,11.229,12.337,0.00587
933,2016-09-09,622.603,11.536,3.972,0.000231,11.28,12.965,0.00588
934,2016-09-08,621.285,11.454,3.985,0.00023,11.397,12.166,0.00593
935,2016-09-07,610.021,11.589,3.946,0.000228,11.017,12.085,0.00592
936,2016-09-06,606.793,11.571,3.941,0.000226,11.114,13.347,0.00592
937,2016-09-05,605.63,11.695,3.959,0.000226,11.393,13.241,0.00592
938,2016-09-04,604.208,11.669,3.949,0.000226,11.023,11.829,0.00592
939,2016-09-03,579.773,11.904,3.832,0.000223,11.23,12.276,0.00595
940,2016-09-02,573.174,12.061,3.815,0.000225,11.432,8.696,0.00598
941,2016-09-01,573.069,12.163,3.824,0.000225,11.605,8.335,0.00601
942,2016-08-31,574.462,11.34,3.788,0.000227,11.862,8.202,0.00603
943,2016-08-30,576.744,11.117,3.786,0.000224,11.63,8.494,0.00602
944,2016-08-29,574.891,10.963,3.769,0.000223,12.041,9.132,0.00595
945,2016-08-28,572.17,11.042,3.749,0.000225,12.573,7.332,0.00597
946,2016-08-27,574.184,11.219,3.784,0.000227,12.604,4.397,0.00601
947,2016-08-26,578.283,11.307,3.82,0.000229,12.523,4.284,0.00606
948,2016-08-25,575.66,11.177,3.817,0.000229,12.9,4.074,0.00606
949,2016-08-24,580.74,11.049,3.9,0.000226,13.216,4.62,0.00602
950,2016-08-23,584.169,11.064,3.817,0.000226,13.578,4.533,0.006
951,2016-08-22,582.629,11.197,3.619,0.000232,13.837,3.111,0.00604
952,2016-08-21,580.948,11.084,3.606,0.000236,13.341,2.489,0.00608
953,2016-08-20,577.708,11.089,3.607,0.000235,13.441,2.422,0.00611
954,2016-08-19,574.592,10.745,3.608,0.000239,13.904,2.213,0.00614
955,2016-08-18,573.871,10.87,3.615,0.000247,13.053,2.211,0.00606
956,2016-08-17,574.509,10.977,3.614,0.000251,12.568,2.182,0.00615
957,2016-08-16,571.996,11.137,3.6,0.00025,12.429,2.182,0.00611
958,2016-08-15,569.003,11.167,3.618,0.000242,13.583,2.073,0.00599
959,2016-08-14,576.272,11.451,3.674,0.00024,13.473,1.949,0.00604
960,2016-08-13,586.74,11.665,3.72,0.000238,12.656,1.983,0.00609
961,2016-08-12,586.987,11.803,3.727,0.000237,11.545,1.937,0.00614
962,2016-08-11,592.19,11.844,3.737,0.000239,10.63,1.974,0.00618
963,2016-08-10,589.594,12.174,3.755,0.00024,10.363,1.993,0.00617
964,2016-08-09,586.113,11.665,3.756,0.000236,10.358,1.966,0.00601
965,2016-08-08,589.032,10.952,3.774,0.000246,10.314,1.891,0.00607
966,2016-08-07,589.396,10.902,3.769,0.000246,10.423,1.908,0.0063
967,2016-08-06,575.443,10.696,3.737,0.000224,10.173,1.791,0.00638
968,2016-08-05,573.026,10.934,3.726,0.000216,9.583,1.807,0.00585
969,2016-08-04,572.822,10.705,3.743,0.000216,9.367,1.754,0.00574
970,2016-08-03,552.184,9.587,3.662,0.000212,9.244,1.538,0.00564
971,2016-08-02,595.245,10.193,3.743,0.000218,9.75,1.67,0.00589
972,2016-08-01,620.444,11.575,3.925,0.000228,10.063,1.787,0.00593
973,2016-07-31,636.085,12.154,3.982,0.000233,9.208,1.856,0.00604
974,2016-07-30,655.252,12.645,4.07,0.000238,9.297,1.893,0.00615
975,2016-07-29,655.218,12.68,4.013,0.000237,9.361,1.845,0.00603
976,2016-07-28,654.826,12.722,3.966,0.000237,9.213,1.874,0.00597
977,2016-07-27,652.979,12.634,3.958,0.000237,9.053,1.827,0.00596
978,2016-07-26,651.943,12.83,3.985,0.000241,8.976,1.787,0.00614
979,2016-07-25,656.119,13.315,4.039,0.000245,9.12,1.844,0.00625
980,2016-07-24,656.306,13.37,4.05,0.000248,9.296,1.882,0.00626
981,2016-07-23,653.666,14.417,4.047,0.000243,9.308,1.843,0.00628
982,2016-07-22,659.521,13.467,4.091,0.000239,9.246,1.77,0.00636
983,2016-07-21,662.495,12.391,4.122,0.00024,8.472,1.761,0.0064
984,2016-07-20,667.413,12.083,4.133,0.000245,8.41,1.845,0.00642
985,2016-07-19,668.951,11.265,4.136,0.000246,8.389,1.895,0.00641
986,2016-07-18,675.134,11.325,4.169,0.000257,8.169,1.983,0.00651
987,2016-07-17,667.464,11.267,4.156,0.000261,8.186,1.969,0.00655
988,2016-07-16,660.703,11.751,4.134,0.000262,8.157,1.993,0.00648
989,2016-07-15,658.89,11.889,4.14,0.000261,7.856,1.986,0.00642
990,2016-07-14,655.688,11.053,4.143,0.000263,7.758,1.955,0.00641
991,2016-07-13,659.574,10.43,4.149,0.000263,7.779,1.942,0.00639
992,2016-07-12,653.631,10.512,4.132,0.000266,8.007,1.985,0.00654
993,2016-07-11,646.33,10.552,4.1,0.000269,7.802,1.923,0.00663
994,2016-07-10,645.327,10.854,4.112,0.000269,7.384,1.895,0.00665
995,2016-07-09,649.595,10.946,4.123,0.000271,7.222,1.912,0.00667
996,2016-07-08,644.648,10.428,4.13,0.000275,7.117,1.931,0.00665
997,2016-07-07,640.923,10.042,4.178,0.000273,6.963,1.919,0.00656
998,2016-07-06,670.711,10.57,4.442,0.000281,6.952,1.79,0.00671
999,2016-07-05,669.77,10.457,4.417,0.000286,6.894,1.686,0.00668
1000,2016-07-04,668.624,11.537,4.38,0.000285,7.073,1.727,0.00821
1001,2016-07-03,673.449,11.858,4.372,0.000288,7.107,1.75,0.00666
1002,2016-07-02,683.826,11.989,4.385,0.000301,7.225,1.702,0.00675
1003,2016-07-01,674.251,12.127,4.238,0.000302,7.239,1.647,0.00671
1004,2016-06-30,651.127,12.432,4.102,0.000298,7.066,1.547,0.00669
1005,2016-06-29,633.786,12.148,4.045,0.000291,6.937,1.514,0.00677
1006,2016-06-28,647.563,13.087,4.127,0.000293,6.995,1.456,0.00653
1007,2016-06-27,637.878,13.858,4.096,0.000282,6.825,1.427,0.00637
1008,2016-06-26,640.632,13.917,4.122,0.000282,6.896,1.521,0.00643
1009,2016-06-25,669.287,14.166,4.255,0.000288,6.878,1.559,0.00649
1010,2016-06-24,652.469,13.851,4.18,0.000284,7.173,1.566,0.00646
1011,2016-06-23,588.926,13.002,3.735,0.000271,7.2,1.474,0.00659
1012,2016-06-22,649.939,14.186,4.584,0.000294,7.745,1.616,0.00614
1013,2016-06-21,681.946,11.96,4.893,0.000306,7.962,1.704,0.0065
1014,2016-06-20,747.682,11.714,5.429,0.000329,8.025,1.787,0.00679
1015,2016-06-19,753.295,12.175,5.532,0.000326,8.131,1.905,0.00662
1016,2016-06-18,748.164,12.867,5.539,0.000316,8.272,1.973,0.00666
1017,2016-06-17,744.823,17.323,5.554,0.000319,8.353,1.592,0.00667
1018,2016-06-16,734.99,19.463,5.374,0.000317,8.429,1.47,0.00675
1019,2016-06-15,682.671,18.319,5.169,0.000314,8.247,1.384,0.00695
1020,2016-06-14,685.852,18.159,5.186,0.000312,7.94,1.297,0.0069
1021,2016-06-13,686.885,16.59,5.313,0.000273,7.721,1.279,0.00581
1022,2016-06-12,638.456,14.675,5.239,0.000259,7.757,1.18,0.00579
1023,2016-06-11,579.549,13.801,4.881,0.000254,7.745,1.15,0.00573
1024,2016-06-10,573.047,14.051,4.765,0.000259,7.941,1.126,0.00573
1025,2016-06-09,574.28,14.372,4.718,0.000255,7.788,1.04,0.00578
1026,2016-06-08,574.524,14.468,4.701,0.00024,7.872,0.985,0.00577
1027,2016-06-07,579.599,14.029,4.851,0.000235,7.819,0.978,0.00578
1028,2016-06-06,580.536,13.84,4.912,0.000236,7.721,1.012,0.00576
1029,2016-06-05,573.875,13.724,4.799,0.000234,7.814,0.979,0.00581
1030,2016-06-04,571.159,13.627,4.822,0.000237,7.992,0.962,0.00579
1031,2016-06-03,551.979,13.637,4.768,0.000235,8.115,0.936,0.00578
1032,2016-06-02,534.594,13.819,4.7,0.00023,8.085,0.915,0.0058
1033,2016-06-01,532.201,13.882,4.678,0.000228,8.201,0.913,0.00575
1034,2016-05-31,535.416,13.263,4.617,0.000229,8.207,0.921,0.00574
1035,2016-05-30,533.135,12.443,4.556,0.000228,8.163,0.893,0.00571
1036,2016-05-29,522.366,12.058,4.538,0.000221,8.151,0.904,0.00564
1037,2016-05-28,496.908,11.339,4.517,0.00022,7.583,0.872,0.00572
1038,2016-05-27,472.112,11.309,4.39,0.000223,7.342,0.851,0.00567
1039,2016-05-26,450.845,12.434,4.055,0.000223,7.524,0.872,0.00571
1040,2016-05-25,448.097,12.401,4.003,0.000222,7.642,0.895,0.00589
1041,2016-05-24,445.089,13.002,3.957,0.000224,7.986,0.936,0.00595
1042,2016-05-23,441.669,14.058,3.944,0.000223,8.028,0.933,0.00592
1043,2016-05-22,441.268,14.049,3.948,0.000223,8.19,0.957,0.00599
1044,2016-05-21,442.068,13.618,3.926,0.000224,7.982,0.963,0.00606
1045,2016-05-20,441.529,14.335,3.879,0.000223,8.075,0.917,0.00607
1046,2016-05-19,449.494,13.922,3.951,0.000228,7.594,0.846,0.00601
1047,2016-05-18,453.949,12.976,4.001,0.000226,7.313,0.834,0.00604
1048,2016-05-17,453.459,11.72,3.996,0.000226,7.282,0.831,0.00604
1049,2016-05-16,455.809,10.492,4.071,0.000227,7.445,0.818,0.00605
1050,2016-05-15,455.975,10.134,4.026,0.000233,6.984,0.834,0.00602
1051,2016-05-14,455.025,10.192,3.991,0.000233,6.904,0.834,0.00607
1052,2016-05-13,454.247,10.567,3.893,0.000237,6.839,0.858,0.00619
1053,2016-05-12,451.025,10.127,3.834,0.000228,6.749,0.86,0.00616
1054,2016-05-11,452.584,9.683,3.868,0.000223,6.735,0.846,0.00624
1055,2016-05-10,454.748,9.326,3.965,0.000221,6.581,0.841,0.00637
1056,2016-05-09,458.102,9.429,3.974,0.000222,6.605,0.842,0.0064
1057,2016-05-08,457.595,9.285,3.927,0.000222,6.674,0.856,0.00646
1058,2016-05-07,457.988,9.32,3.918,0.000223,6.647,0.858,0.00643
1059,2016-05-06,451.464,9.68,3.744,0.000223,6.773,0.898,0.00626
1060,2016-05-05,446.657,9.552,3.722,0.000224,6.798,0.905,0.0062
1061,2016-05-04,446.988,9.541,3.744,0.000225,6.83,0.914,0.00648
1062,2016-05-03,446.352,9.629,3.713,0.000227,6.815,0.938,0.00666
1063,2016-05-02,446.236,9.575,3.698,0.000226,6.778,0.947,0.0068
1064,2016-05-01,449.954,8.711,3.688,0.000227,6.769,0.923,0.00679
1065,2016-04-30,451.828,8.259,3.75,0.000228,6.653,0.917,0.00681
1066,2016-04-29,449.257,7.458,3.792,0.000227,6.515,0.896,0.00672
1067,2016-04-28,444.29,7.42,3.793,0.000227,6.367,0.912,0.00669
1068,2016-04-27,458.712,7.6,4.045,0.000227,6.218,0.917,0.00699
1069,2016-04-26,463.109,7.315,3.915,0.000231,6.048,0.925,0.00724
1070,2016-04-25,457.376,7.793,3.685,0.000226,6.263,1.0,0.00728
1071,2016-04-24,452.604,8.178,3.477,0.000224,6.456,1.016,0.00731
1072,2016-04-23,445.852,8.003,3.317,0.000224,6.28,1.01,0.00736
1073,2016-04-22,445.474,7.993,3.323,0.000225,6.223,0.977,0.00735
1074,2016-04-21,443.215,8.461,3.305,0.000227,6.336,1.029,0.0074
1075,2016-04-20,436.562,8.585,3.27,0.000224,6.419,1.05,0.00704
1076,2016-04-19,428.717,9.036,3.244,0.000222,6.317,1.126,0.00709
1077,2016-04-18,427.315,9.061,3.248,0.000223,6.228,1.071,0.00717
1078,2016-04-17,427.826,9.246,3.261,0.000228,6.334,1.037,0.00653
1079,2016-04-16,429.738,8.279,3.273,0.000231,6.11,0.972,0.00638
1080,2016-04-15,426.47,8.321,3.255,0.000233,6.176,0.984,0.00642
1081,2016-04-14,423.23,8.376,3.234,0.000231,6.409,1.025,0.0057
1082,2016-04-13,423.615,7.789,3.24,0.000235,6.467,0.993,0.00578
1083,2016-04-12,423.767,7.872,3.248,0.000222,6.427,0.94,0.00606
1084,2016-04-11,420.07,8.48,3.22,0.000204,6.467,1.051,0.00596
1085,2016-04-10,418.889,8.622,3.217,0.000203,6.511,1.061,0.00615
1086,2016-04-09,416.933,9.608,3.22,0.000209,6.838,1.283,0.00653
1087,2016-04-08,420.314,9.876,3.217,0.000211,6.92,1.477,0.00679
1088,2016-04-07,420.006,10.382,3.227,0.000213,6.975,1.509,0.00726
1089,2016-04-06,421.292,10.588,3.235,0.000219,7.056,1.489,0.00738
1090,2016-04-05,420.973,10.716,3.238,0.000216,7.129,1.534,0.00749
1091,2016-04-04,418.564,11.275,3.236,0.00022,6.933,1.549,0.00751
1092,2016-04-03,417.978,11.492,3.246,0.00022,6.94,1.501,0.00753
1093,2016-04-02,418.138,11.456,3.251,0.000225,7.095,1.488,0.00745
1094,2016-04-01,415.156,11.609,3.235,0.000227,6.875,1.441,0.00745
1095,2016-03-31,414.983,11.754,3.233,0.000229,6.85,1.407,0.00732
1096,2016-03-30,412.853,11.799,3.206,0.000238,6.957,1.462,0.00751
1097,2016-03-29,417.945,11.557,3.23,0.000234,7.021,1.49,0.00758
1098,2016-03-28,423.456,11.19,3.273,0.000214,7.233,1.489,0.00797
1099,2016-03-27,419.438,10.684,3.244,0.000213,7.124,1.636,0.00805
1100,2016-03-26,416.249,10.837,3.221,0.000213,7.146,1.648,0.00816
1101,2016-03-25,415.36,10.782,3.215,0.000214,7.144,1.646,0.00822
1102,2016-03-24,415.821,11.393,3.222,0.000213,6.48,1.489,0.00828
1103,2016-03-23,416.991,11.848,3.23,0.000212,6.232,1.404,0.00815
1104,2016-03-22,415.288,11.604,3.213,0.000212,6.052,1.453,0.00807
1105,2016-03-21,409.752,10.977,3.177,0.000211,6.216,1.447,0.00791
1106,2016-03-20,410.271,10.23,3.179,0.000213,5.939,1.297,0.00794
1107,2016-03-19,407.531,10.568,3.167,0.000213,5.9,1.179,0.00799
1108,2016-03-18,413.077,10.208,3.222,0.000214,5.879,1.193,0.00829
1109,2016-03-17,418.234,11.603,3.292,0.000226,6.056,1.15,0.00825
1110,2016-03-16,415.443,13.233,3.288,0.00023,6.117,1.153,0.00822
1111,2016-03-15,415.778,12.707,3.294,0.000234,5.495,1.131,0.00847
1112,2016-03-14,414.027,13.457,3.284,0.000237,5.623,1.167,0.00855
1113,2016-03-13,412.764,14.326,3.268,0.000235,5.623,1.166,0.00863
1114,2016-03-12,413.346,12.907,3.289,0.000235,5.126,1.121,0.00879
1115,2016-03-11,419.577,11.098,3.34,0.000241,5.12,1.113,0.00832
1116,2016-03-10,413.802,11.633,3.257,0.000232,4.844,1.203,0.00806
1117,2016-03-09,411.941,10.567,3.244,0.00022,4.567,1.158,0.008
1118,2016-03-08,412.669,9.6,3.236,0.000224,4.358,1.091,0.00793
1119,2016-03-07,409.784,10.33,3.215,0.000225,4.486,1.069,0.00786
1120,2016-03-06,404.42,11.11,3.193,0.000219,4.804,1.157,0.00788
1121,2016-03-05,403.989,11.14,3.179,0.000226,4.95,1.231,0.00812
1122,2016-03-04,419.557,9.258,3.298,0.000241,4.712,1.113,0.00816
1123,2016-03-03,421.323,9.246,3.312,0.00024,3.917,0.911,0.00808
1124,2016-03-02,431.575,7.982,3.398,0.000244,3.936,0.842,0.008
1125,2016-03-01,434.676,6.748,3.42,0.000244,3.974,0.857,0.00796
1126,2016-02-29,436.765,6.42,3.434,0.00025,3.939,0.87,0.0079
1127,2016-02-28,429.127,6.445,3.385,0.000247,4.0,0.85,0.00789
1128,2016-02-27,432.256,6.222,3.405,0.000259,3.994,0.825,0.00804
1129,2016-02-26,424.262,5.988,3.353,0.000258,3.883,0.805,0.00802
1130,2016-02-25,423.3,6.275,3.348,0.00027,3.924,0.821,0.00805
1131,2016-02-24,421.19,5.812,3.353,0.000274,3.881,0.765,0.00798
1132,2016-02-23,427.514,5.682,3.416,0.000276,3.96,0.761,0.00805
1133,2016-02-22,437.065,5.143,3.44,0.000281,4.095,0.79,0.00805
1134,2016-02-21,438.567,4.43,3.459,0.000284,3.819,0.794,0.00822
1135,2016-02-20,430.082,4.44,3.344,0.000291,3.583,0.827,0.00824
1136,2016-02-19,420.701,4.498,3.221,0.000281,3.6,0.767,0.00806
1137,2016-02-18,420.743,4.034,3.228,0.000275,3.456,0.758,0.00806
1138,2016-02-17,414.783,4.098,3.214,0.000283,3.664,0.807,0.00839
1139,2016-02-16,404.798,4.865,3.162,0.00029,3.851,0.893,0.00861
1140,2016-02-15,404.62,5.468,3.161,0.00029,3.888,0.787,0.00861
1141,2016-02-14,400.002,4.897,3.16,0.000295,3.853,0.741,0.00849
1142,2016-02-13,389.825,4.99,3.105,0.000292,3.792,0.754,0.00802
1143,2016-02-12,382.955,5.908,3.072,0.00029,3.769,0.573,0.00783
1144,2016-02-11,380.995,4.937,3.067,0.000292,3.725,0.526,0.0078
1145,2016-02-10,379.689,4.363,3.07,0.000294,3.946,0.47,0.00789
1146,2016-02-09,374.584,3.493,3.049,0.000287,4.109,0.477,0.00794
1147,2016-02-08,376.95,3.105,3.065,0.000285,4.21,0.488,0.00842
1148,2016-02-07,377.566,2.695,3.081,0.000294,4.23,0.484,0.0084
1149,2016-02-06,377.282,2.509,3.071,0.000309,4.216,0.481,0.00751
1150,2016-02-05,387.86,2.525,3.13,0.000293,4.3,0.498,0.007
1151,2016-02-04,378.35,2.535,3.102,0.000277,4.236,0.501,0.00691
1152,2016-02-03,372.194,2.428,3.049,0.00026,4.101,0.492,0.00686
1153,2016-02-02,374.287,2.237,3.056,0.00026,4.154,0.496,0.00661
1154,2016-02-01,373.237,2.222,3.051,0.000269,4.118,0.492,0.00642
1155,2016-01-31,377.724,2.387,3.07,0.000258,4.082,0.504,0.0065
1156,2016-01-30,378.256,2.521,3.073,0.000289,4.305,0.506,0.00689
1157,2016-01-29,375.988,2.508,3.074,0.000312,4.29,0.523,0.00602
1158,2016-01-28,383.843,2.489,3.133,0.000364,4.19,0.58,0.0061
1159,2016-01-27,394.257,2.402,3.219,0.000422,4.352,0.594,0.00572
1160,2016-01-26,393.133,2.583,3.123,0.000271,4.16,0.602,0.00514
1161,2016-01-25,396.252,2.3,3.131,0.000205,4.021,0.594,0.0052
1162,2016-01-24,396.316,2.143,3.143,0.00018,4.398,0.623,0.00515
1163,2016-01-23,388.784,1.742,3.102,0.000173,4.827,0.553,0.00515
1164,2016-01-22,393.566,1.519,3.116,0.000166,5.225,0.531,0.00522
1165,2016-01-21,414.174,1.526,3.269,0.000163,4.781,0.535,0.00534
1166,2016-01-20,392.939,1.465,3.111,0.000154,4.296,0.536,0.00524
1167,2016-01-19,383.472,1.373,3.018,0.000148,4.159,0.519,0.0053
1168,2016-01-18,383.0,1.421,3.011,0.000151,4.52,0.479,0.00531
1169,2016-01-17,384.435,1.235,3.046,0.000152,3.986,0.471,0.00507
1170,2016-01-16,371.323,1.241,3.027,0.00015,3.819,0.448,0.00522
1171,2016-01-15,403.973,1.241,3.287,0.000166,3.47,0.465,0.00546
1172,2016-01-14,430.349,1.14,3.453,0.000186,3.217,0.486,0.00561
1173,2016-01-13,428.513,1.13,3.45,0.000193,2.939,0.475,0.00581
1174,2016-01-12,445.538,1.176,3.519,0.000192,3.036,0.493,0.00587
1175,2016-01-11,447.174,1.054,3.55,0.00018,3.17,0.489,0.00595
1176,2016-01-10,444.408,1.084,3.525,0.00018,2.988,0.502,0.00599
1177,2016-01-09,449.909,1.062,3.558,0.00019,3.107,0.513,0.00596
1178,2016-01-08,454.849,0.991,3.575,0.000161,3.236,0.502,0.00599
1179,2016-01-07,447.946,0.995,3.545,0.000161,3.305,0.501,0.00605
1180,2016-01-06,429.829,0.974,3.451,0.000162,3.281,0.515,0.006
1181,2016-01-05,432.241,0.975,3.468,0.000158,3.31,0.527,0.00596
1182,2016-01-04,431.819,0.972,3.485,0.000154,3.256,0.514,0.00602
1183,2016-01-03,429.271,0.981,3.47,0.000158,3.206,0.515,0.00605
1184,2016-01-02,433.24,0.966,3.498,0.000161,3.303,0.534,0.00597
1185,2016-01-01,432.258,0.96,3.515,0.000163,3.374,0.488,0.00601
