,date,open,high,low,close,volume,marketcap
0,2019-03-30,61.25,64.11,60.37,60.62,1698116593,3705312023
1,2019-03-29,61.17,61.53,60.26,61.3,1977436351,3745935357
2,2019-03-28,62.22,62.22,60.75,61.17,1818355774,3737005102
3,2019-03-27,59.41,62.29,59.33,62.25,2220590688,3802058092
4,2019-03-26,59.51,59.65,58.33,59.34,2020400713,3623575890
5,2019-03-25,60.3,60.93,59.0,59.5,2057863894,3632066769
6,2019-03-24,61.24,61.25,59.71,60.22,2041814465,3675521098
7,2019-03-23,59.79,61.71,59.51,61.35,2009701790,3743278484
8,2019-03-22,59.3,60.28,58.89,59.82,1660894830,3649353013
9,2019-03-21,60.87,61.08,58.74,59.38,1766689848,3621232358
10,2019-03-20,60.68,60.96,58.57,60.85,1990264182,3709898340
11,2019-03-19,60.22,60.95,59.75,60.62,1824124623,3694945405
12,2019-03-18,61.28,62.77,59.5,60.26,1971826811,3672726327
13,2019-03-17,61.88,61.99,60.78,61.24,1609232029,3731425001
14,2019-03-16,58.99,62.09,58.99,61.84,1997899601,3767063536
15,2019-03-15,56.54,59.39,56.54,58.99,1824454595,3592290246
16,2019-03-14,55.86,57.76,55.79,56.58,1610293200,3445001358
17,2019-03-13,57.08,57.21,55.43,55.93,1465625295,3404536113
18,2019-03-12,55.41,57.26,53.5,57.0,1666711996,3468475222
19,2019-03-11,57.19,57.85,54.83,55.42,1839260243,3371760953
20,2019-03-10,58.1,58.25,56.59,57.18,1778709344,3478033205
21,2019-03-09,56.0,59.29,56.0,58.09,2145350395,3532242783
22,2019-03-08,57.44,57.65,55.45,56.1,1977538387,3410590890
23,2019-03-07,55.84,59.0,55.08,57.19,2410843754,3475995867
24,2019-03-06,53.02,56.27,52.28,55.78,1998850452,3389799196
25,2019-03-05,46.52,54.02,46.14,53.13,2000300862,3227895751
26,2019-03-04,48.33,48.65,45.85,46.43,1243464082,2820102325
27,2019-03-03,49.02,49.39,48.09,48.38,1102677211,2937680218
28,2019-03-02,47.48,49.64,47.46,49.02,1227656624,2975500410
29,2019-03-01,46.24,48.99,46.15,47.49,1175425172,2882042603
30,2019-02-28,45.62,46.92,45.6,46.24,1119495712,2805515464
31,2019-02-27,45.5,46.14,44.41,45.58,1061879935,2765113387
32,2019-02-26,46.18,46.52,45.09,45.49,1060325373,2758957944
33,2019-02-25,44.58,47.19,44.58,46.21,1212141472,2802048987
34,2019-02-24,51.68,53.42,43.66,44.68,1618048131,2708358746
35,2019-02-23,49.67,51.89,48.67,51.68,1278039837,3132087064
36,2019-02-22,49.13,50.03,48.72,49.81,1213665948,3017677753
37,2019-02-21,51.84,51.84,48.68,49.15,1259734341,2977341432
38,2019-02-20,47.82,52.16,47.41,51.79,1582934318,3136141808
39,2019-02-19,48.14,49.18,47.27,47.86,1417050580,2897971715
40,2019-02-18,43.88,49.22,43.84,48.04,1462180271,2908055843
41,2019-02-17,43.4,44.65,42.91,43.93,1089205822,2658324155
42,2019-02-16,42.76,44.18,42.57,43.59,1017844635,2637500546
43,2019-02-15,41.64,43.68,41.62,42.7,1043820661,2582708735
44,2019-02-14,41.88,42.55,41.27,41.64,997741394,2518031066
45,2019-02-13,43.83,44.51,41.42,42.0,1087815590,2539018995
46,2019-02-12,43.17,44.14,42.54,43.93,1098569294,2655115121
47,2019-02-11,46.88,46.88,42.4,43.18,1229169302,2609389133
48,2019-02-10,44.76,47.09,42.9,46.83,1420578823,2828937241
49,2019-02-09,43.02,45.86,42.27,44.79,1509978243,2705200909
50,2019-02-08,33.24,43.9,33.01,43.46,1721691113,2624516069
51,2019-02-07,32.91,33.59,32.88,33.22,652002936,2005595915
52,2019-02-06,34.35,34.35,32.54,32.93,748545366,1987640111
53,2019-02-05,34.01,34.39,33.78,34.26,708712284,2067028132
54,2019-02-04,33.46,34.43,33.46,34.11,740036504,2057598930
55,2019-02-03,34.43,34.57,33.12,33.44,820461891,2016740848
56,2019-02-02,32.82,34.56,32.73,34.39,829064166,2073872814
57,2019-02-01,31.72,33.45,31.13,32.83,825977656,1978856939
58,2019-01-31,31.89,32.44,31.4,31.65,654137406,1907587556
59,2019-01-30,31.07,32.09,30.86,31.93,694822148,1923945742
60,2019-01-29,31.24,31.46,30.44,31.1,707842400,1873246050
61,2019-01-28,32.52,32.72,30.52,31.2,812860294,1878928921
62,2019-01-27,33.08,33.35,32.08,32.59,678149673,1962484749
63,2019-01-26,32.97,33.95,32.87,33.15,694481467,1995530698
64,2019-01-25,32.82,33.21,32.27,32.98,661476020,1984872676
65,2019-01-24,32.04,33.04,31.43,32.78,614405338,1971999182
66,2019-01-23,31.67,32.39,31.56,32.0,613521888,1924964952
67,2019-01-22,31.21,32.02,30.32,31.68,589374367,1905392084
68,2019-01-21,31.19,31.39,30.96,31.21,531048792,1876573922
69,2019-01-20,32.49,33.35,30.94,31.18,584024741,1873953844
70,2019-01-19,31.48,33.11,31.37,32.55,585789957,1956101651
71,2019-01-18,31.91,31.94,30.96,31.31,566482194,1881176121
72,2019-01-17,31.85,31.95,30.68,31.89,609389197,1915371847
73,2019-01-16,31.44,32.25,31.27,31.82,539347966,1910976281
74,2019-01-15,32.38,32.71,31.08,31.51,527294088,1891520613
75,2019-01-14,30.38,32.73,30.31,32.36,593098938,1942198294
76,2019-01-13,32.4,33.14,30.13,30.33,564244096,1820214944
77,2019-01-12,32.46,32.94,32.03,32.38,491524393,1942860854
78,2019-01-11,33.68,34.1,32.05,32.33,628980637,1938944919
79,2019-01-10,38.99,39.52,33.03,33.87,701124437,2030671878
80,2019-01-09,39.45,40.28,38.9,38.99,504601883,2337068756
81,2019-01-08,37.92,40.95,37.92,39.48,643946959,2366141319
82,2019-01-07,39.28,39.65,37.61,37.81,586891613,2265284886
83,2019-01-06,34.85,39.96,34.78,39.3,809493170,2354185201
84,2019-01-05,32.35,36.14,32.34,34.94,640607603,2092365506
85,2019-01-04,32.02,33.02,31.44,32.4,391010579,1940204515
86,2019-01-03,33.35,33.42,31.59,32.03,345068249,1917129494
87,2019-01-02,32.02,33.79,31.77,33.43,414331918,2000859669
88,2019-01-01,30.46,32.1,30.26,31.98,379429124,1913387274
89,2018-12-31,31.98,32.0,30.16,30.47,367746437,1822504811
90,2018-12-30,31.42,32.38,31.17,31.98,405650440,1912263648
91,2018-12-29,32.56,33.34,31.52,31.57,390868406,1887178390
92,2018-12-28,28.3,33.36,28.3,32.51,486919645,1943259589
93,2018-12-27,30.96,31.36,28.13,28.29,442100051,1690851757
94,2018-12-26,31.09,32.2,29.75,30.99,464721770,1851236647
95,2018-12-25,33.4,33.4,30.45,31.13,508836253,1859663792
96,2018-12-24,33.47,36.56,33.2,33.2,535897387,1982394885
97,2018-12-23,31.99,34.15,31.8,33.46,554317219,1997631552
98,2018-12-22,30.83,31.86,30.33,31.86,419546205,1901410380
99,2018-12-21,32.73,34.28,30.3,30.8,546504526,1837728497
100,2018-12-20,29.6,33.26,29.41,32.82,796645103,1957741036
101,2018-12-19,30.33,31.77,29.45,29.68,505439992,1770286212
102,2018-12-18,29.27,30.14,28.25,30.14,492064386,1797254323
103,2018-12-17,25.68,30.4,25.68,29.27,613385969,1744804499
104,2018-12-16,23.79,26.73,23.78,25.6,424549776,1525579986
105,2018-12-15,23.46,24.12,23.34,23.78,291476162,1417098012
106,2018-12-14,23.65,23.75,22.82,23.46,318851820,1397818608
107,2018-12-13,24.53,24.66,23.61,23.67,328942983,1409664572
108,2018-12-12,23.8,25.25,23.71,24.49,367818943,1458445719
109,2018-12-11,24.6,24.95,23.51,23.8,386533569,1416941471
110,2018-12-10,25.91,26.13,24.5,24.62,423653343,1465168782
111,2018-12-09,24.8,26.91,24.8,25.95,471979152,1543919019
112,2018-12-08,25.13,26.63,23.63,24.86,504751040,1479137860
113,2018-12-07,26.91,26.91,23.0,25.27,519622321,1503108920
114,2018-12-06,29.25,30.41,26.92,26.94,451241301,1602141067
115,2018-12-05,31.22,31.39,29.28,29.3,392132740,1741570136
116,2018-12-04,31.01,32.15,30.39,31.19,398521610,1853542250
117,2018-12-03,33.81,33.81,30.49,31.07,431873524,1846319082
118,2018-12-02,34.26,35.14,33.43,33.71,407318732,2002705712
119,2018-12-01,32.13,35.15,31.51,34.34,428286157,2039473601
120,2018-11-30,33.8,34.25,31.43,32.06,431153649,1903850875
121,2018-11-29,34.72,35.54,33.22,33.8,476701013,2006241775
122,2018-11-28,31.12,35.98,30.97,34.63,573550000,2054986531
123,2018-11-27,29.41,31.35,28.82,31.07,486621000,1843430374
124,2018-11-26,30.87,32.11,28.38,29.41,528902000,1744724141
125,2018-11-25,29.23,31.91,27.07,30.89,573938000,1832205976
126,2018-11-24,32.26,33.15,28.76,29.22,396969000,1732510654
127,2018-11-23,32.02,33.02,31.14,32.16,462932000,1906521506
128,2018-11-22,34.69,34.9,32.2,32.2,468218000,1908210440
129,2018-11-21,33.07,34.67,31.89,34.67,504001000,2054460599
130,2018-11-20,36.57,37.91,31.41,33.04,619356000,1957630541
131,2018-11-19,42.34,42.34,35.97,36.64,571241000,2170262912
132,2018-11-18,42.09,42.98,42.01,42.33,352001000,2506544510
133,2018-11-17,42.49,42.49,41.66,41.93,330818000,2482345521
134,2018-11-16,43.96,43.96,42.09,42.46,411507000,2513114190
135,2018-11-15,43.73,44.24,40.78,43.95,588718000,2600634639
136,2018-11-14,49.58,50.3,41.94,43.61,604639000,2580084189
137,2018-11-13,50.63,50.97,49.26,49.7,356433000,2939427818
138,2018-11-12,51.48,51.68,50.47,50.65,388194000,2994928763
139,2018-11-11,52.32,52.47,50.25,51.36,410262000,3036594687
140,2018-11-10,51.93,52.7,51.84,52.4,322713000,3097146196
141,2018-11-09,52.36,52.72,51.67,51.9,386711000,3066513267
142,2018-11-08,54.19,54.46,52.37,52.37,351857000,3094006430
143,2018-11-07,56.04,56.16,53.71,54.19,385412000,3200474366
144,2018-11-06,53.7,55.95,53.48,55.95,371534000,3259562075
145,2018-11-05,53.59,54.71,53.11,53.55,398133000,3161333292
146,2018-11-04,50.99,55.14,50.82,53.61,441533000,3164416254
147,2018-11-03,51.3,51.36,50.76,50.97,325128000,3007885629
148,2018-11-02,50.34,51.66,50.32,51.33,362726000,3028256022
149,2018-11-01,49.56,51.03,49.42,50.27,321492000,2965093308
150,2018-10-31,49.34,49.94,48.32,49.44,410734000,2915436796
151,2018-10-30,49.0,49.48,48.79,49.24,295448000,2902792751
152,2018-10-29,51.83,52.03,48.65,49.07,373076000,2892215652
153,2018-10-28,52.05,52.17,51.48,51.94,335237000,3060378328
154,2018-10-27,52.13,52.36,51.77,51.93,312308000,3059270071
155,2018-10-26,52.22,52.48,51.73,52.1,292908000,3068345272
156,2018-10-25,52.49,52.51,52.06,52.23,241117000,3075692176
157,2018-10-24,52.46,53.01,52.29,52.52,291042000,3091471495
158,2018-10-23,52.24,52.87,51.94,52.54,278025000,3092294662
159,2018-10-22,52.78,53.11,52.01,52.2,263337000,3071678875
160,2018-10-21,53.43,53.77,52.71,52.92,273510000,3112806425
161,2018-10-20,53.07,53.46,52.8,53.36,258418000,3138354413
162,2018-10-19,52.55,53.6,52.24,53.02,272130000,3117454727
163,2018-10-18,53.72,53.99,52.13,52.53,296411000,3087779466
164,2018-10-17,54.26,54.26,53.09,53.67,295022000,3154277210
165,2018-10-16,54.97,55.48,53.67,54.07,281917000,3176809629
166,2018-10-15,52.17,57.46,51.91,54.88,431765000,3223700518
167,2018-10-14,53.51,53.84,52.03,52.19,242221000,3064779526
168,2018-10-13,53.46,54.28,53.21,53.45,237333000,3138228770
169,2018-10-12,50.87,53.82,50.87,53.55,280891000,3143348329
170,2018-10-11,57.98,57.98,50.99,51.23,343098000,3006484457
171,2018-10-10,58.66,58.66,57.43,57.98,358009000,3401689393
172,2018-10-09,59.45,59.53,58.21,58.71,318545000,3443777362
173,2018-10-08,58.23,59.82,57.48,59.41,347408000,3483963902
174,2018-10-07,57.93,58.36,57.21,58.16,435270000,3409620085
175,2018-10-06,58.88,58.92,57.27,57.84,375900000,3390224024
176,2018-10-05,58.33,59.13,57.67,58.77,371790000,3443401206
177,2018-10-04,57.52,59.05,57.44,58.28,343602000,3414046744
178,2018-10-03,59.58,59.58,57.08,57.48,452464000,3366307855
179,2018-10-02,60.3,61.25,59.41,59.71,444830000,3496006537
180,2018-10-01,61.1,61.73,59.74,60.21,456583000,3524604880
181,2018-09-30,61.63,62.39,60.15,61.14,463002000,3578364984
182,2018-09-29,61.64,62.03,59.49,61.61,356028000,3604639872
183,2018-09-28,63.17,64.42,60.81,61.9,459862000,3620659227
184,2018-09-27,57.45,64.3,56.92,62.98,574277000,3683109446
185,2018-09-26,57.45,59.62,56.7,57.4,294136000,3355751430
186,2018-09-25,58.02,58.15,54.74,57.54,351579000,3363315938
187,2018-09-24,61.34,61.34,57.3,57.97,296366000,3387711672
188,2018-09-23,60.55,63.19,60.0,61.37,304888000,3585375264
189,2018-09-22,60.81,61.71,57.74,60.44,298424000,3530127873
190,2018-09-21,56.78,62.06,56.46,60.72,398550000,3545908289
191,2018-09-20,54.37,57.15,53.64,56.63,260631000,3306309550
192,2018-09-19,54.02,54.92,52.26,54.33,271642000,3171223927
193,2018-09-18,52.29,55.1,51.0,54.1,296552000,3156689623
194,2018-09-17,57.02,57.75,51.85,52.54,261325000,3065033151
195,2018-09-16,56.58,57.37,55.06,56.97,253978000,3322793504
196,2018-09-15,56.34,58.4,56.18,56.71,252020000,3306873163
197,2018-09-14,54.65,58.44,53.32,56.58,336190000,3298089236
198,2018-09-13,51.88,55.05,51.76,54.54,295074000,3178346288
199,2018-09-12,52.39,52.41,47.67,51.66,290357000,3009756629
200,2018-09-11,54.61,54.78,51.08,52.37,272379000,3050454271
201,2018-09-10,54.99,56.07,53.5,54.6,251240000,3179465715
202,2018-09-09,53.27,56.4,52.72,54.92,253320000,3197781808
203,2018-09-08,56.13,57.61,52.58,53.24,223684000,3099244507
204,2018-09-07,57.34,58.12,55.51,56.2,229626000,3270299049
205,2018-09-06,58.32,58.32,54.91,57.49,351270000,3344492650
206,2018-09-05,67.67,68.12,58.44,58.44,409226000,3399043578
207,2018-09-04,65.32,68.98,65.23,67.71,308206000,3937324171
208,2018-09-03,65.82,66.2,64.32,65.37,235034000,3800526797
209,2018-09-02,65.98,66.9,64.33,65.65,265104000,3815602461
210,2018-09-01,61.74,67.25,61.74,65.95,306586000,3832231495
211,2018-08-31,60.42,62.25,59.32,61.93,265252000,3597385669
212,2018-08-30,61.77,62.03,58.92,60.32,219094000,3502972843
213,2018-08-29,63.03,63.39,60.74,61.77,220637000,3586429316
214,2018-08-28,60.23,63.4,59.62,63.02,246764000,3658481636
215,2018-08-27,57.26,60.42,56.93,60.25,228072000,3496598714
216,2018-08-26,58.05,58.11,56.24,57.33,206572000,3326564888
217,2018-08-25,57.92,58.21,57.37,57.91,187571000,3359063830
218,2018-08-24,57.6,58.28,55.95,57.93,194676000,3359443513
219,2018-08-23,55.19,57.81,54.39,57.54,205125000,3336208361
220,2018-08-22,56.66,59.01,54.38,55.32,228893000,3206435040
221,2018-08-21,53.77,56.8,53.77,56.35,187486000,3265411241
222,2018-08-20,57.91,58.55,53.98,54.0,244192000,3128235978
223,2018-08-19,57.22,58.74,56.54,57.94,204484000,3355770259
224,2018-08-18,61.56,62.03,55.8,57.28,243057000,3316534145
225,2018-08-17,55.33,61.51,55.19,61.51,263383000,3561007625
226,2018-08-16,54.54,57.43,54.51,55.36,211779000,3204120259
227,2018-08-15,54.68,58.95,54.3,54.5,282699000,3153513508
228,2018-08-14,57.0,57.05,51.16,54.56,250440000,3156149907
229,2018-08-13,59.48,60.6,56.31,56.85,223061000,3287753598
230,2018-08-12,58.22,61.71,57.96,59.33,276383000,3430379427
231,2018-08-11,59.49,59.8,55.67,58.36,259948000,3373620431
232,2018-08-10,63.98,64.93,58.86,59.39,259781000,3432695951
233,2018-08-09,62.47,65.58,61.3,63.98,270095000,3696931039
234,2018-08-08,68.16,68.16,62.14,62.49,313187000,3609827136
235,2018-08-07,74.0,75.23,68.13,68.17,299418000,3936927335
236,2018-08-06,75.06,76.59,72.79,73.89,265134000,4265995090
237,2018-08-05,73.38,75.0,72.69,74.59,265627000,4305369689
238,2018-08-04,77.42,77.82,72.76,73.2,262765000,4224004698
239,2018-08-03,76.3,77.57,74.47,77.54,298295000,4473145660
240,2018-08-02,77.71,78.54,75.61,76.14,285466000,4391532340
241,2018-08-01,80.39,80.73,76.4,77.86,301530000,4489424993
242,2018-07-31,82.69,82.94,76.81,79.7,319362000,4594971658
243,2018-07-30,84.15,84.71,80.6,82.85,313998000,4775334189
244,2018-07-29,84.05,85.21,83.38,84.08,276696000,4845428837
245,2018-07-28,84.54,84.63,82.83,83.62,279804992,4817687941
246,2018-07-27,83.73,85.22,82.04,84.46,358798016,4864859011
247,2018-07-26,86.28,88.02,83.19,84.03,286579008,4838652756
248,2018-07-25,88.66,89.92,85.41,86.28,310156992,4967065514
249,2018-07-24,82.68,89.29,81.93,89.29,440572992,5138587102
250,2018-07-23,83.23,86.05,82.31,82.43,296071008,4742939001
251,2018-07-22,84.26,84.63,82.87,83.16,245916992,4783253313
252,2018-07-21,82.66,85.25,80.67,84.46,246152992,4857361115
253,2018-07-20,86.68,86.68,82.42,82.75,287448000,4757974241
254,2018-07-19,86.9,88.83,85.79,86.67,307785984,4981759675
255,2018-07-18,89.82,93.65,86.03,86.96,375428992,4997438569
256,2018-07-17,84.3,90.31,83.0,89.81,341836000,5159554161
257,2018-07-16,78.96,84.6,78.21,84.6,307904000,4858950162
258,2018-07-15,76.7,79.65,76.02,78.94,230467008,4532784609
259,2018-07-14,76.97,77.54,76.18,76.72,197776000,4404338246
260,2018-07-13,77.29,78.43,76.11,76.94,256038000,4415840363
261,2018-07-12,78.59,78.59,75.31,76.81,267396992,4407032324
262,2018-07-11,76.13,80.8,76.07,78.7,284915008,4514447288
263,2018-07-10,80.78,80.88,75.38,76.08,321614016,4363305676
264,2018-07-09,82.54,83.26,80.75,80.86,263326000,4636050015
265,2018-07-08,86.26,86.68,82.18,82.4,239655008,4722977524
266,2018-07-07,83.4,86.2,80.7,86.2,238936992,4939834011
267,2018-07-06,83.84,84.6,81.32,83.38,253160000,4776762278
268,2018-07-05,85.65,86.67,82.54,83.76,306121984,4797418574
269,2018-07-04,85.17,89.12,84.02,85.49,282222016,4895597691
270,2018-07-03,85.39,89.28,84.73,85.1,343900992,4871976744
271,2018-07-02,80.27,86.27,78.69,85.26,302471008,4879760110
272,2018-07-01,81.5,81.61,78.36,80.24,343401984,4591723093
273,2018-06-30,78.95,83.24,78.95,81.37,276550016,4655306527
274,2018-06-29,74.81,80.18,73.17,78.77,309339008,4505043163
275,2018-06-28,80.63,81.04,74.44,74.93,263414000,4284330181
276,2018-06-27,76.93,81.34,75.86,80.66,274128000,4610879160
277,2018-06-26,81.82,82.5,76.85,76.87,258432992,4393058423
278,2018-06-25,80.37,86.07,79.02,81.83,458366016,4675821027
279,2018-06-24,82.74,83.39,74.29,80.78,449884992,4614286500
280,2018-06-23,85.09,86.36,81.64,82.6,439203008,4717454160
281,2018-06-22,96.94,97.12,81.4,85.08,458636992,4857442768
282,2018-06-21,97.88,98.87,96.36,96.93,261544000,5532658033
283,2018-06-20,98.96,99.2,95.97,97.99,261392000,5592175727
284,2018-06-19,98.73,100.82,97.4,98.84,284982016,5638967092
285,2018-06-18,95.77,99.81,93.91,98.82,282937984,5636516739
286,2018-06-17,97.72,98.66,95.53,96.1,242331008,5480226337
287,2018-06-16,96.58,98.35,93.97,97.58,259324992,5562876559
288,2018-06-15,101.11,101.11,95.6,96.68,293284992,5510142475
289,2018-06-14,93.99,102.42,93.61,101.15,367742016,5764020026
290,2018-06-13,100.8,100.95,91.29,94.08,360492992,5359361892
291,2018-06-12,107.43,108.06,99.37,100.75,333163008,5738282059
292,2018-06-11,106.54,108.85,104.12,107.52,331430016,6121874767
293,2018-06-10,117.56,117.56,104.08,107.04,399889984,6093573160
294,2018-06-09,120.11,121.03,117.74,117.74,242235008,6700860850
295,2018-06-08,121.52,121.95,118.71,120.08,285831008,6832464151
296,2018-06-07,121.34,123.18,119.62,121.43,365670016,6907065820
297,2018-06-06,121.89,122.14,118.56,121.18,324158016,6891340696
298,2018-06-05,119.9,122.01,116.44,121.7,300892000,6918872000
299,2018-06-04,125.21,126.33,118.73,119.9,299780992,6814722748
300,2018-06-03,123.29,127.37,122.37,125.5,322787008,7130994474
301,2018-06-02,119.83,123.89,118.96,123.31,310800000,7004694349
302,2018-06-01,118.03,120.2,117.12,119.92,290886016,6810365343
303,2018-05-31,117.32,120.59,116.64,118.07,297183008,6704155892
304,2018-05-30,119.54,122.38,116.02,117.53,305275008,6671786966
305,2018-05-29,111.84,121.96,110.9,119.57,350520000,6785779703
306,2018-05-28,117.93,119.08,111.48,111.6,295723008,6331861061
307,2018-05-27,118.5,118.85,116.99,117.99,258727008,6692969134
308,2018-05-26,119.35,122.25,117.87,118.28,275851008,6707450005
309,2018-05-25,122.56,124.2,117.82,119.44,297743008,6771922223
310,2018-05-24,119.19,124.37,115.89,122.61,345857984,6950014204
311,2018-05-23,128.81,129.33,117.35,119.31,373329984,6761219902
312,2018-05-22,134.26,135.6,128.33,128.68,294447008,7289726772
313,2018-05-21,139.64,139.64,133.93,134.51,308376992,7618147582
314,2018-05-20,135.27,140.32,133.79,139.7,324983008,7910023833
315,2018-05-19,135.96,137.5,133.87,135.32,310963008,7660047420
316,2018-05-18,132.7,137.05,129.7,136.06,371688000,7699946952
317,2018-05-17,139.56,141.17,131.95,132.77,320248992,7512142011
318,2018-05-16,139.65,140.65,135.28,139.27,351689984,7877577804
319,2018-05-15,147.49,149.38,138.57,139.88,415984992,7910044417
320,2018-05-14,144.62,152.15,136.07,147.71,584222016,8350939002
321,2018-05-13,141.8,147.25,137.65,144.59,383224000,8172151736
322,2018-05-12,137.26,144.42,132.59,141.88,410184992,8016973264
323,2018-05-11,149.45,149.45,134.73,137.12,530416000,7745751348
324,2018-05-10,157.15,160.34,149.34,149.87,426694016,8463834937
325,2018-05-09,159.62,159.62,152.6,157.05,448136000,8867315508
326,2018-05-08,164.83,167.98,158.16,159.62,466308992,9009611517
327,2018-05-07,171.76,171.92,158.93,164.88,573281024,9304214739
328,2018-05-06,178.02,182.88,166.18,171.8,626270016,9692232318
329,2018-05-05,168.35,181.63,168.35,177.76,741246016,10025761273
330,2018-05-04,160.47,170.38,157.94,168.79,633054976,9516919409
331,2018-05-03,151.86,164.0,151.01,161.46,617984000,9101264231
332,2018-05-02,148.45,152.89,146.98,151.58,354656992,8542044175
333,2018-05-01,148.34,148.54,143.94,148.49,342152000,8365945726
334,2018-04-30,153.65,154.08,147.87,148.48,341396992,8363095109
335,2018-04-29,152.16,155.62,148.9,153.63,388081984,8650921305
336,2018-04-28,145.74,153.33,145.74,152.3,337116992,8573467173
337,2018-04-27,153.44,153.62,145.9,145.9,386742016,8211418534
338,2018-04-26,144.7,153.82,142.64,153.68,412436992,8646685578
339,2018-04-25,165.09,165.09,142.59,144.76,613467008,8142994938
340,2018-04-24,152.57,165.94,152.57,165.78,643558016,9323040641
341,2018-04-23,146.67,152.77,146.67,152.25,376060000,8559830144
342,2018-04-22,148.61,152.23,145.31,146.77,338735008,8249632683
343,2018-04-21,155.68,156.61,142.18,148.93,482924000,8368621973
344,2018-04-20,146.5,155.72,143.84,155.54,491945984,8737234629
345,2018-04-19,140.04,146.87,138.96,146.3,408736000,8216206205
346,2018-04-18,132.38,140.85,132.38,140.0,381161984,7860031849
347,2018-04-17,128.71,139.65,128.71,132.93,532336000,7461107435
348,2018-04-16,131.97,132.63,125.24,128.34,290855008,7201443158
349,2018-04-15,126.67,132.04,126.67,132.04,274427008,7407732783
350,2018-04-14,125.22,129.34,124.77,126.29,258806000,7083109035
351,2018-04-13,129.27,133.04,124.06,125.35,458040000,7028553368
352,2018-04-12,118.29,129.34,113.55,129.34,587510976,7249888005
353,2018-04-11,114.29,119.09,113.33,118.29,230068992,6628996616
354,2018-04-10,115.21,115.4,112.52,114.26,202879008,6401817412
355,2018-04-09,117.78,122.43,113.32,114.99,260171008,6440841467
356,2018-04-08,116.29,118.55,115.95,117.67,194664000,6589392072
357,2018-04-07,113.14,119.38,113.1,116.26,211470000,6508657630
358,2018-04-06,118.82,119.93,112.79,113.15,233190000,6333258411
359,2018-04-05,118.21,121.29,114.47,119.13,294022016,6665917788
360,2018-04-04,133.91,134.61,116.58,118.41,380351008,6623848143
361,2018-04-03,119.51,136.45,118.58,134.47,375408992,7520099456
362,2018-04-02,115.24,121.42,114.72,119.31,271703008,6670329213
363,2018-04-01,116.9,117.83,110.52,115.22,274182016,6440292739
364,2018-03-31,118.64,123.87,116.18,116.61,295439008,6515946056
365,2018-03-30,114.8,124.9,110.26,118.6,468439008,6625396575
366,2018-03-29,131.93,132.61,113.93,114.68,476804000,6404746988
367,2018-03-28,135.49,140.13,131.03,131.75,328374016,7356010690
368,2018-03-27,148.96,149.62,135.78,135.78,385104000,7579179651
369,2018-03-26,160.16,160.99,143.12,149.22,407135008,8327233976
370,2018-03-25,158.86,162.72,157.52,160.08,241431008,8931055242
371,2018-03-24,168.53,168.65,159.63,159.63,290270016,8903292216
372,2018-03-23,163.58,167.83,157.26,167.83,348056000,9358153821
373,2018-03-22,168.72,172.31,161.11,163.67,404996992,9124249896
374,2018-03-21,169.56,175.26,166.62,169.05,462536000,9421555108
375,2018-03-20,161.52,173.3,156.82,168.82,492892000,9405993910
376,2018-03-19,155.48,163.05,151.66,161.14,504832992,8976121254
377,2018-03-18,152.54,156.15,138.02,154.07,595955008,8580189410
378,2018-03-17,165.19,165.22,151.06,152.97,403808992,8516500296
379,2018-03-16,164.82,171.26,158.99,165.45,436628000,9208968693
380,2018-03-15,161.2,167.33,151.48,164.48,564609024,9152161117
381,2018-03-14,175.94,177.55,158.63,161.1,480652992,8962106001
382,2018-03-13,177.6,181.87,172.26,175.78,468094016,9776393862
383,2018-03-12,189.02,193.34,175.88,178.23,567628992,9909960606
384,2018-03-11,177.51,193.48,172.47,188.95,669377984,10502793498
385,2018-03-10,188.11,194.65,176.54,177.73,625808000,9876881425
386,2018-03-09,176.48,189.91,160.43,187.17,943363968,10398444427
387,2018-03-08,185.7,188.15,176.17,176.51,612508992,9804070597
388,2018-03-07,196.83,199.27,175.65,185.84,755924992,10319459551
389,2018-03-06,210.51,210.51,193.16,196.6,661078016,10914025494
390,2018-03-05,213.74,215.98,209.25,211.18,594828992,11719782021
391,2018-03-04,210.24,214.12,205.36,213.8,574675008,11862048436
392,2018-03-03,213.84,217.76,209.54,210.64,681865984,11683955341
393,2018-03-02,209.55,213.13,204.88,212.56,627142016,11786864287
394,2018-03-01,203.12,214.7,201.54,209.75,678542016,11628116966
395,2018-02-28,217.28,223.51,202.71,202.9,761321984,11245167904
396,2018-02-27,221.71,224.21,215.84,216.6,856454016,12001557417
397,2018-02-26,222.14,234.42,218.74,220.96,1297080064,12240119979
398,2018-02-25,208.13,225.55,202.37,220.48,1028590016,12209956904
399,2018-02-24,210.64,220.31,197.88,209.42,937312000,11594912515
400,2018-02-23,194.19,216.13,184.07,209.31,1065680000,11585694405
401,2018-02-22,212.84,222.77,191.81,195.31,974379008,10807770154
402,2018-02-21,230.95,235.41,208.93,213.35,1195820032,11803114422
403,2018-02-20,223.09,253.9,222.51,232.85,1739670016,12878414402
404,2018-02-19,215.41,226.97,215.38,223.06,767596992,12333459061
405,2018-02-18,230.51,232.64,214.46,215.74,1011120000,11925650529
406,2018-02-17,229.5,233.45,225.6,229.46,863401024,12681138421
407,2018-02-16,225.5,236.09,212.33,230.12,1300089984,12714036456
408,2018-02-15,212.35,237.88,211.17,225.43,2087289984,12451226607
409,2018-02-14,159.58,218.23,159.58,213.36,2383340032,11781584374
410,2018-02-13,161.77,162.37,153.51,159.55,483468000,8808187849
411,2018-02-12,150.1,163.35,150.1,161.57,535710016,8916808662
412,2018-02-11,155.39,155.73,142.61,148.99,495720000,8220569162
413,2018-02-10,163.49,169.33,149.14,155.59,576328000,8582616174
414,2018-02-09,149.73,163.98,142.59,163.95,722204992,9041364283
415,2018-02-08,138.34,151.08,138.34,149.47,869206976,8240405570
416,2018-02-07,142.48,157.9,131.52,138.2,817808000,7617284052
417,2018-02-06,127.52,146.11,106.94,142.99,1148409984,7879137720
418,2018-02-05,148.73,153.52,118.15,125.33,844678016,6903938802
419,2018-02-04,160.38,173.8,139.69,148.02,1006080000,8151908186
420,2018-02-03,131.4,165.55,121.17,160.25,687676032,8822761363
421,2018-02-02,142.56,142.56,105.35,131.38,815539968,7231180059
422,2018-02-01,163.68,165.81,131.55,142.3,539880000,7830131933
423,2018-01-31,165.3,167.07,157.65,163.35,363292992,8986099109
424,2018-01-30,181.45,181.52,163.03,165.28,433227008,9089747498
425,2018-01-29,193.75,194.39,179.23,181.66,303560992,9988197030
426,2018-01-28,181.42,194.68,181.42,193.87,363515008,10656038484
427,2018-01-27,176.66,183.15,174.88,180.89,291632992,9940021814
428,2018-01-26,179.82,182.89,167.08,176.73,375476992,9709025118
429,2018-01-25,181.56,185.42,176.35,180.27,363137984,9900458587
430,2018-01-24,178.43,186.28,173.72,179.99,375948992,9882205701
431,2018-01-23,180.28,186.31,165.73,177.81,441764992,9759876577
432,2018-01-22,191.79,195.25,166.88,180.01,494091008,9878115975
433,2018-01-21,211.24,211.24,184.64,190.42,463516000,10446773723
434,2018-01-20,194.38,214.59,194.38,211.02,540785984,11573785098
435,2018-01-19,191.19,202.07,186.94,192.96,560284032,10580777289
436,2018-01-18,186.95,207.02,176.83,192.84,936784000,10570969164
437,2018-01-17,190.15,197.79,141.01,186.52,1422489984,10221726464
438,2018-01-16,232.82,232.82,152.29,188.33,1405069952,10318360404
439,2018-01-15,237.29,245.0,232.77,232.77,601769984,12749749658
440,2018-01-14,260.58,270.85,234.27,238.68,886414976,13069624172
441,2018-01-13,236.88,263.2,236.88,259.19,961043008,14189082270
442,2018-01-12,229.79,243.59,224.82,236.86,691160000,12962893955
443,2018-01-11,251.52,255.05,223.0,229.37,1079389952,12549854307
444,2018-01-10,248.07,251.05,233.86,250.52,1009910016,13703530794
445,2018-01-09,254.61,258.5,240.18,247.04,940825024,13509671202
446,2018-01-08,287.73,289.07,237.66,255.76,1182080000,13983422101
447,2018-01-07,296.05,305.53,281.93,288.45,1055400000,15766532096
448,2018-01-06,249.77,323.11,249.41,296.45,2264740096,16200057346
449,2018-01-05,241.03,256.15,237.88,249.27,1710599936,13618156609
450,2018-01-04,245.48,245.48,227.01,241.37,3481550080,13183094320
451,2018-01-03,255.7,260.74,243.13,245.37,3215280128,13397610073
452,2018-01-02,228.99,263.63,228.99,255.68,1237949952,13957197179
453,2018-01-01,231.67,236.63,222.2,229.03,633142016,12499214454
454,2017-12-31,216.98,237.79,213.81,232.1,771041984,12663194467
455,2017-12-30,245.09,245.43,208.2,218.96,943667008,11943513791
456,2017-12-29,250.35,258.04,238.33,245.5,1392210048,13387459289
457,2017-12-28,272.13,273.18,231.38,249.93,2593240064,13625185918
458,2017-12-27,286.59,290.94,264.42,272.17,777137984,14833811828
459,2017-12-26,273.11,289.51,272.26,286.5,842993024,15610545231
460,2017-12-25,277.49,286.79,269.57,273.39,804377024,14891746902
461,2017-12-24,291.01,291.01,251.04,275.98,1122909952,15028955417
462,2017-12-23,269.27,312.67,261.64,288.27,1352579968,15693563723
463,2017-12-22,319.26,320.3,187.48,264.93,2938040064,14419250802
464,2017-12-21,314.66,339.74,299.53,317.46,1555939968,17273490963
465,2017-12-20,349.6,349.6,308.63,314.62,2104060032,17114472564
466,2017-12-19,359.13,375.29,335.67,350.25,2150479872,19047802998
467,2017-12-18,318.95,360.93,302.0,358.34,1966599936,19482623741
468,2017-12-17,301.78,332.59,301.78,318.72,1703580032,17323822452
469,2017-12-16,299.34,309.9,290.13,298.97,1291379968,16245954060
470,2017-12-15,280.97,316.41,251.22,299.78,2599940096,16284702205
471,2017-12-14,301.2,311.32,265.66,279.33,2114880000,15169467973
472,2017-12-13,315.36,341.8,287.48,302.6,3409789952,16428650865
473,2017-12-12,212.46,341.72,209.68,316.16,6961679872,17159753614
474,2017-12-11,148.26,225.29,147.34,214.2,2913979904,11622977831
475,2017-12-10,155.63,155.63,130.16,148.66,1087340032,8063839922
476,2017-12-09,127.48,171.55,126.59,155.24,2436539904,8417983192
477,2017-12-08,98.33,133.07,95.4,124.85,1515559936,6767649865
478,2017-12-07,99.98,101.34,92.27,98.29,645691008,5325979410
479,2017-12-06,102.48,104.82,97.31,100.35,547512000,5435639653
480,2017-12-05,104.28,104.3,101.84,102.4,328726016,5544450235
481,2017-12-04,101.4,104.24,96.53,104.24,331151008,5642170447
482,2017-12-03,100.19,106.39,98.1,101.26,364022016,5479554408
483,2017-12-02,98.94,103.79,98.32,100.28,402553984,5425172171
484,2017-12-01,88.0,100.41,83.74,99.0,561342976,5354697600
485,2017-11-30,86.25,93.54,78.08,88.33,481948000,4776295620
486,2017-11-29,96.01,104.61,81.77,85.57,786819968,4625810651
487,2017-11-28,91.72,96.03,90.34,96.03,388931008,5189729757
488,2017-11-27,85.89,93.29,85.89,91.6,429591008,4948735851
489,2017-11-26,88.94,88.94,84.02,85.93,357456992,4640580647
490,2017-11-25,77.91,89.37,77.52,88.82,487896992,4795225155
491,2017-11-24,73.14,77.97,72.81,77.97,287392000,4208440987
492,2017-11-23,71.98,76.4,70.9,73.22,315247008,3951301844
493,2017-11-22,70.18,71.95,70.18,71.89,157890000,3878507510
494,2017-11-21,72.2,72.53,68.11,70.03,231664992,3776954172
495,2017-11-20,71.41,72.92,70.79,72.25,188976000,3895876984
496,2017-11-19,69.51,72.98,68.6,71.59,243056992,3858885781
497,2017-11-18,67.41,69.77,65.71,69.64,174063008,3752808798
498,2017-11-17,70.45,71.12,65.78,67.57,350504992,3639939202
499,2017-11-16,63.81,72.48,62.94,71.06,418128992,3827031146
500,2017-11-15,62.78,65.52,62.71,63.82,194636000,3436473712
501,2017-11-14,61.64,63.81,60.87,62.68,174111008,3374059000
502,2017-11-13,59.18,62.76,58.85,61.4,237478000,3304148265
503,2017-11-12,62.31,62.31,57.41,59.01,322820000,3174662071
504,2017-11-11,59.35,63.71,59.24,62.3,272494016,3350986565
505,2017-11-10,64.44,65.9,56.91,59.26,291596000,3186381939
506,2017-11-09,62.49,66.84,61.73,64.27,279652992,3454692871
507,2017-11-08,61.11,64.07,60.79,62.57,349454016,3362586560
508,2017-11-07,54.99,63.81,54.99,61.3,402670016,3293059021
509,2017-11-06,54.76,56.17,53.95,55.17,133918000,2963390868
510,2017-11-05,55.03,55.48,54.63,54.75,84302000,2939687734
511,2017-11-04,56.22,56.37,54.94,55.04,83633104,2954562413
512,2017-11-03,54.58,56.29,54.28,56.18,150030000,3015087608
513,2017-11-02,53.56,55.28,50.85,54.74,221076992,2936796129
514,2017-11-01,55.74,55.74,53.18,53.18,112759000,2852614515
515,2017-10-31,56.37,56.79,55.72,55.75,99381104,2989858627
516,2017-10-30,56.84,58.55,56.24,56.39,129287000,3023193804
517,2017-10-29,54.67,57.75,54.49,57.11,138340000,3060676463
518,2017-10-28,55.38,56.13,54.57,54.69,71063200,2930569300
519,2017-10-27,55.67,56.25,55.15,55.33,78923104,2963913613
520,2017-10-26,56.47,57.15,55.28,55.74,81104704,2984809327
521,2017-10-25,55.95,56.58,54.09,56.49,114510000,3024524457
522,2017-10-24,54.96,59.1,53.29,55.96,199788992,2995287986
523,2017-10-23,56.77,56.77,52.87,54.92,177315008,2938685570
524,2017-10-22,58.27,58.65,56.44,56.81,96781400,3038822573
525,2017-10-21,60.3,60.52,56.83,58.2,139503008,3112605047
526,2017-10-20,59.81,61.88,58.56,60.33,150542000,3225577482
527,2017-10-19,60.82,61.29,58.71,59.74,160943008,3193124743
528,2017-10-18,59.59,61.75,53.79,60.73,283868992,3245232732
529,2017-10-17,64.67,64.7,58.85,59.48,205363008,3177462298
530,2017-10-16,65.72,66.34,62.69,64.62,200428000,3451297832
531,2017-10-15,64.13,70.09,62.55,65.47,453940000,3495462090
532,2017-10-14,59.41,66.19,58.6,63.95,313105984,3413379168
533,2017-10-13,60.55,60.96,55.84,59.43,357124000,3171116142
534,2017-10-12,50.89,60.11,50.87,60.11,341368992,3206464408
535,2017-10-11,50.75,51.14,50.32,50.89,57390100,2713909626
536,2017-10-10,50.15,51.67,49.86,50.72,90415504,2704130908
537,2017-10-09,53.08,53.39,48.47,50.16,152366000,2673983611
538,2017-10-08,52.49,54.51,52.26,53.14,100841000,2832001431
539,2017-10-07,52.14,52.75,51.64,52.58,51786200,2801457684
540,2017-10-06,51.64,52.6,51.53,52.12,59355900,2775993787
541,2017-10-05,51.4,51.87,50.44,51.67,69594400,2751241080
542,2017-10-04,52.28,53.05,50.83,51.4,77473400,2736160242
543,2017-10-03,53.39,53.59,51.59,52.35,88516096,2785938781
544,2017-10-02,54.55,54.78,53.26,53.38,95474600,2839774397
545,2017-10-01,55.14,55.16,53.63,54.54,100183000,2901076714
546,2017-09-30,52.63,55.23,52.62,55.14,131446000,2932074835
547,2017-09-29,54.11,54.16,50.42,52.62,186560000,2797277252
548,2017-09-28,56.21,56.67,53.41,54.09,202008992,2874185280
549,2017-09-27,51.58,56.54,51.58,56.28,220363008,2990132970
550,2017-09-26,51.69,53.7,51.08,51.55,173663008,2737818455
551,2017-09-25,47.62,52.44,47.57,51.58,208640992,2738822452
552,2017-09-24,49.25,49.27,47.52,47.62,82147104,2527746379
553,2017-09-23,48.16,49.79,46.69,49.27,142072992,2614760414
554,2017-09-22,46.65,49.09,45.19,48.09,218134000,2551351872
555,2017-09-21,51.66,52.31,45.67,46.61,229363008,2471892746
556,2017-09-20,52.74,53.83,51.25,51.73,160252000,2743090712
557,2017-09-19,55.68,55.88,51.05,52.84,286583008,2800667554
558,2017-09-18,48.53,55.61,48.53,55.53,408675008,2942496799
559,2017-09-17,48.23,49.88,45.12,48.49,245262000,2568944479
560,2017-09-16,48.13,52.83,46.46,48.26,562278016,2555926415
561,2017-09-15,41.69,50.65,32.03,48.21,1554339968,2552770743
562,2017-09-14,61.64,62.43,41.25,41.58,749713984,2201222135
563,2017-09-13,64.32,64.6,58.93,61.73,501521984,3266612281
564,2017-09-12,66.24,70.25,63.86,64.23,481217984,3398168751
565,2017-09-11,61.65,67.23,61.37,66.04,412076000,3492778154
566,2017-09-10,65.8,65.95,57.06,61.61,529848000,3257755734
567,2017-09-09,67.21,69.55,64.01,66.01,467895008,3489300921
568,2017-09-08,78.45,80.13,63.83,67.79,930673024,3582709924
569,2017-09-07,79.88,81.06,75.59,78.48,526828992,4146294754
570,2017-09-06,71.78,80.64,71.51,80.11,830718016,4231165242
571,2017-09-05,65.25,72.44,59.05,71.29,1016089984,3764198423
572,2017-09-04,76.73,76.73,61.24,65.21,922041024,3441750071
573,2017-09-03,78.98,82.83,73.61,76.84,675462016,4054990308
574,2017-09-02,85.83,92.07,72.23,79.02,1363990016,4168935431
575,2017-09-01,70.86,87.41,70.01,86.04,1551740032,4537751620
576,2017-08-31,64.16,72.28,64.04,71.06,633147008,3746359355
577,2017-08-30,63.16,64.21,60.9,64.17,240308992,3382337004
578,2017-08-29,62.39,63.29,61.26,63.17,294799008,3328402346
579,2017-08-28,61.36,64.92,59.87,62.36,556636992,3284548362
580,2017-08-27,51.8,64.44,51.64,61.16,890545984,3220428680
581,2017-08-26,51.17,52.26,50.45,51.75,126024000,2724082507
582,2017-08-25,50.17,52.13,49.84,51.18,157619008,2693138536
583,2017-08-24,52.82,53.28,50.19,50.19,391342016,2640188253
584,2017-08-23,46.71,54.78,46.48,53.25,447188000,2800477716
585,2017-08-22,47.9,47.9,45.48,46.73,163104000,2456801454
586,2017-08-21,46.19,48.75,45.62,47.94,207172000,2519583624
587,2017-08-20,45.38,47.55,44.75,46.23,138850000,2429290296
588,2017-08-19,47.05,47.08,43.78,45.48,155404000,2389136366
589,2017-08-18,43.9,47.86,43.59,47.28,293350016,2483120186
590,2017-08-17,44.18,44.83,43.78,43.91,104020000,2305686993
591,2017-08-16,43.37,45.06,42.57,44.15,120765000,2316550874
592,2017-08-15,45.81,45.84,42.29,43.31,206080992,2272230662
593,2017-08-14,45.83,46.51,45.43,45.8,114402000,2403048692
594,2017-08-13,46.57,48.07,44.33,45.81,242564992,2402845047
595,2017-08-12,47.05,47.62,46.29,46.43,142064992,2434695721
596,2017-08-11,46.4,47.33,46.4,47.1,137644000,2468915571
597,2017-08-10,48.05,48.51,46.5,46.5,121661000,2436800274
598,2017-08-09,48.59,50.23,47.16,48.01,253103008,2515337793
599,2017-08-08,45.9,49.37,45.79,48.63,205564992,2547114358
600,2017-08-07,45.17,46.48,45.12,45.8,106560000,2397858442
601,2017-08-06,46.85,47.3,45.1,45.1,147891008,2360943929
602,2017-08-05,43.49,46.92,43.48,46.86,248320000,2452225533
603,2017-08-04,42.89,43.71,42.82,43.45,114810000,2273186518
604,2017-08-03,42.19,43.17,42.13,42.86,95497600,2241762848
605,2017-08-02,43.07,43.21,42.07,42.13,103557000,2203009838
606,2017-08-01,43.02,43.77,41.08,43.04,203656000,2249631448
607,2017-07-31,40.34,44.03,38.95,43.02,240820992,2248288103
608,2017-07-30,41.18,41.82,40.06,40.42,75746704,2111806255
609,2017-07-29,40.56,41.34,38.74,41.12,109945000,2147368302
610,2017-07-28,42.22,42.47,35.94,40.61,137556000,2120556595
611,2017-07-27,42.35,42.62,41.39,42.14,81714000,2199530365
612,2017-07-26,42.29,42.7,40.63,42.23,121389000,2203577730
613,2017-07-25,44.48,44.79,41.07,42.24,206307008,2203568415
614,2017-07-24,44.16,44.81,43.29,44.41,158532000,2315840404
615,2017-07-23,46.63,46.64,42.94,44.06,219256992,2296964811
616,2017-07-22,45.77,46.8,45.45,46.56,132333000,2426674809
617,2017-07-21,45.07,47.45,44.52,45.76,286020000,2384504334
618,2017-07-20,40.96,45.45,40.96,45.02,354801984,2344827631
619,2017-07-19,44.35,44.42,40.56,40.86,246376992,2127931181
620,2017-07-18,42.62,45.33,41.47,44.3,380816000,2306211599
621,2017-07-17,41.19,43.07,40.17,42.67,355036000,2220519768
622,2017-07-16,38.92,41.97,36.38,40.91,393366016,2128387551
623,2017-07-15,42.81,42.81,37.78,38.92,327332000,2024299012
624,2017-07-14,46.36,46.48,40.8,42.8,320419008,2225420765
625,2017-07-13,48.72,49.05,45.39,46.33,229104992,2408038312
626,2017-07-12,45.26,49.07,44.07,48.75,369964000,2533260184
627,2017-07-11,46.27,47.39,43.65,45.33,400044992,2354858332
628,2017-07-10,49.91,50.53,44.74,46.58,373252992,2418908416
629,2017-07-09,52.36,53.31,49.53,49.58,409244000,2574185219
630,2017-07-08,46.64,52.75,44.67,52.14,604987008,2706260958
631,2017-07-07,51.1,51.14,45.63,46.58,553712000,2416847285
632,2017-07-06,53.2,53.2,50.12,51.13,461148992,2652393637
633,2017-07-05,55.27,56.03,50.6,53.19,790609024,2758632586
634,2017-07-04,46.56,55.42,46.56,55.33,1101750016,2868712774
635,2017-07-03,41.48,48.4,40.97,46.43,729937984,2406133732
636,2017-07-02,38.95,43.27,37.8,41.57,315630016,2153776659
637,2017-07-01,40.4,40.58,38.47,38.99,225507008,2019589047
638,2017-06-30,41.04,41.75,40.17,40.35,251184000,2089790095
639,2017-06-29,42.83,42.83,40.35,41.07,300131008,2126019668
640,2017-06-28,40.82,43.61,39.18,42.85,353444000,2217715824
641,2017-06-27,41.13,41.39,36.2,40.54,565265024,2097663118
642,2017-06-26,44.04,44.35,37.55,41.13,538072000,2127619780
643,2017-06-25,44.49,46.22,43.05,43.92,354372000,2271527610
644,2017-06-24,47.25,47.44,44.01,44.49,321214016,2300237511
645,2017-06-23,47.75,48.42,47.27,47.34,284270016,2446591286
646,2017-06-22,47.72,48.85,45.87,47.71,445323008,2465480962
647,2017-06-21,47.3,49.73,44.22,47.79,640054016,2468646452
648,2017-06-20,50.41,51.47,45.75,47.22,612934976,2438536182
649,2017-06-19,46.16,53.55,44.99,50.32,1342360064,2598038245
650,2017-06-18,47.44,47.44,42.43,46.04,1016220032,2376272925
651,2017-06-17,36.18,49.3,36.18,47.65,1730780032,2458295326
652,2017-06-16,30.28,35.7,29.55,35.7,515972992,1841437408
653,2017-06-15,30.22,30.37,27.31,30.22,314502016,1558335943
654,2017-06-14,30.74,32.06,29.32,30.22,278323008,1558146224
655,2017-06-13,29.49,30.64,29.33,30.64,150455008,1579263281
656,2017-06-12,33.23,33.23,27.8,29.5,372663008,1520019062
657,2017-06-11,30.5,33.56,30.16,33.22,406217984,1710731870
658,2017-06-10,29.68,30.59,29.66,30.44,202679008,1567381713
659,2017-06-09,30.19,30.59,29.62,29.68,176840992,1527922168
660,2017-06-08,28.38,30.34,27.88,30.21,229004992,1554899463
661,2017-06-07,30.57,30.68,28.37,28.39,264596992,1461052337
662,2017-06-06,30.84,31.33,29.26,30.55,321099008,1571642192
663,2017-06-05,28.09,30.99,28.09,30.84,366900992,1586278857
664,2017-06-04,27.65,27.94,26.95,27.94,204435008,1436512587
665,2017-06-03,29.04,29.17,26.63,27.66,290556000,1421817787
666,2017-06-02,28.9,29.89,27.74,28.94,332251008,1487366316
667,2017-06-01,25.34,29.62,25.3,28.8,420472992,1479645992
668,2017-05-31,24.29,25.57,23.18,25.3,298675008,1299159067
669,2017-05-30,25.32,26.13,24.03,24.14,216944000,1239464943
670,2017-05-29,24.32,25.69,23.28,25.21,219796000,1293996451
671,2017-05-28,24.01,26.07,22.11,24.22,377039008,1242756137
672,2017-05-27,23.4,25.43,20.1,23.74,505424000,1217527311
673,2017-05-26,30.33,31.32,22.56,23.75,484254016,1217869995
674,2017-05-25,34.47,36.21,28.87,29.9,687651008,1532898259
675,2017-05-24,32.12,35.16,31.71,34.45,196292000,1765854146
676,2017-05-23,25.3,32.11,24.93,32.11,216875008,1645417818
677,2017-05-22,26.14,27.5,23.27,25.38,164828992,1300136201
678,2017-05-21,27.48,28.74,25.73,26.3,104882000,1346703403
679,2017-05-20,27.68,28.16,27.2,27.51,59065000,1408135490
680,2017-05-19,28.29,28.41,26.78,27.7,96923800,1417518093
681,2017-05-18,25.17,29.01,25.12,28.36,115830000,1450914686
682,2017-05-17,23.24,25.95,20.8,25.4,141118000,1299438423
683,2017-05-16,25.34,25.34,22.81,23.33,136875008,1192913432
684,2017-05-15,28.89,28.93,25.19,25.37,97147904,1296726956
685,2017-05-14,29.09,30.45,27.79,28.89,67853200,1476620318
686,2017-05-13,27.22,28.91,25.52,28.91,83564400,1477122967
687,2017-05-12,30.93,31.68,27.37,27.45,110569000,1402203624
688,2017-05-11,32.66,32.91,28.03,30.72,206136992,1568331565
689,2017-05-10,33.3,37.33,31.22,31.96,410465984,1631357006
690,2017-05-09,28.96,33.76,24.49,33.58,251516992,1713609764
691,2017-05-08,30.37,30.74,27.33,28.96,132650000,1477190573
692,2017-05-07,28.2,31.37,28.2,30.29,187718000,1544713042
693,2017-05-06,26.47,28.59,25.49,28.16,108083000,1435575548
694,2017-05-05,23.47,27.85,23.42,26.27,218948992,1338680275
695,2017-05-04,21.04,25.69,20.86,23.39,242912000,1191860814
696,2017-05-03,15.88,21.8,15.67,21.04,253440992,1071743437
697,2017-05-02,15.92,16.23,15.15,15.9,38692100,809254702
698,2017-05-01,15.71,16.37,14.88,15.92,66989400,810118725
699,2017-04-30,15.7,16.07,15.47,15.71,43929100,799087301
700,2017-04-29,14.4,15.77,14.36,15.74,45713600,800726755
701,2017-04-28,14.59,14.78,14.06,14.34,41067800,729306971
702,2017-04-27,14.84,15.0,13.47,14.62,76208000,743401962
703,2017-04-26,15.21,15.79,14.56,14.85,71308800,754701192
704,2017-04-25,14.98,15.43,14.24,15.21,56668300,773002033
705,2017-04-24,13.96,14.97,13.33,14.97,60177200,760201117
706,2017-04-23,13.07,14.41,12.95,13.94,198452000,707833525
707,2017-04-22,11.18,13.07,11.11,13.06,158914000,663235620
708,2017-04-21,10.29,11.54,10.16,11.23,99012200,569832266
709,2017-04-20,9.63,10.66,9.59,10.33,55828300,524367323
710,2017-04-19,10.31,10.35,9.59,9.66,55784900,489864408
711,2017-04-18,10.42,10.94,9.97,10.32,83183296,523242304
712,2017-04-17,10.6,11.18,10.39,10.42,104055000,528196466
713,2017-04-16,10.75,10.9,10.67,10.71,24321400,542862719
714,2017-04-15,10.34,11.0,10.2,10.79,47922000,546750078
715,2017-04-14,10.13,10.51,9.68,10.39,61137000,526103441
716,2017-04-13,10.76,10.77,9.93,10.15,64187400,513779944
717,2017-04-12,8.83,11.06,8.83,10.79,159255008,545824242
718,2017-04-11,8.91,9.28,8.66,8.85,50700000,447934139
719,2017-04-10,8.72,9.2,8.19,8.92,74425696,451008790
720,2017-04-09,9.89,10.01,8.43,8.71,90963296,440413412
721,2017-04-08,9.34,10.35,9.33,9.92,58489100,501272917
722,2017-04-07,10.22,10.56,9.19,9.37,94765600,473622780
723,2017-04-06,11.12,11.45,9.66,10.25,194300000,517958248
724,2017-04-05,8.25,11.42,7.96,11.09,217834000,560338330
725,2017-04-04,8.12,8.96,7.53,8.29,129208000,418556788
726,2017-04-03,7.74,8.64,7.24,8.07,114179000,407377516
727,2017-04-02,6.86,7.94,6.65,7.74,88560400,390795465
728,2017-04-01,6.65,6.98,6.31,6.88,57711700,347247822
729,2017-03-31,7.02,7.07,5.85,6.67,98922600,336227385
730,2017-03-30,4.18,7.04,4.15,6.98,191251008,351939333
731,2017-03-29,4.14,4.2,4.09,4.19,8479960,210979437
732,2017-03-28,4.07,4.18,4.06,4.16,4297870,209398408
733,2017-03-27,4.07,4.14,4.04,4.08,5162690,205294094
734,2017-03-26,4.07,4.1,4.03,4.06,3911060,204508541
735,2017-03-25,4.07,4.12,3.97,4.07,7904680,204947911
736,2017-03-24,3.97,4.13,3.94,4.08,12524300,205561869
737,2017-03-23,3.93,4.0,3.92,3.98,3354160,200273945
738,2017-03-22,3.99,4.01,3.89,3.94,5949960,198021517
739,2017-03-21,4.04,4.04,3.98,4.01,4970080,201621298
740,2017-03-20,3.95,4.05,3.89,4.03,4068240,202769043
741,2017-03-19,3.96,4.03,3.9,3.96,6013050,198853053
742,2017-03-18,4.04,4.16,3.86,3.97,12199700,199360039
743,2017-03-17,4.23,4.23,4.04,4.06,11109600,203699159
744,2017-03-16,4.15,4.38,4.1,4.24,12755200,212779672
745,2017-03-15,4.05,4.18,4.0,4.16,6571900,208884338
746,2017-03-14,4.17,4.17,4.01,4.06,7928910,203517141
747,2017-03-13,3.85,4.25,3.83,4.17,22439100,209247492
748,2017-03-12,3.79,3.86,3.78,3.84,3373750,192734982
749,2017-03-11,3.76,3.84,3.75,3.8,3463740,190446085
750,2017-03-10,3.83,3.88,3.73,3.75,7090150,188096028
751,2017-03-09,3.77,3.84,3.76,3.84,3092100,192365805
752,2017-03-08,3.81,3.82,3.75,3.78,4594400,189185841
753,2017-03-07,3.89,3.91,3.8,3.82,5619560,191407739
754,2017-03-06,3.87,3.93,3.86,3.92,4393810,196360997
755,2017-03-05,3.86,3.9,3.84,3.9,2836910,195313683
756,2017-03-04,3.91,3.92,3.86,3.88,3361400,194382285
757,2017-03-03,3.92,4.0,3.9,3.92,7515680,196175905
758,2017-03-02,3.8,4.11,3.78,3.92,9439480,196290700
759,2017-03-01,3.77,3.81,3.76,3.8,4405000,189965827
760,2017-02-28,3.8,3.82,3.76,3.77,4045440,188519643
761,2017-02-27,3.81,3.83,3.8,3.8,3766590,190050516
762,2017-02-26,3.82,3.85,3.8,3.83,2688250,191185638
763,2017-02-25,3.85,3.86,3.81,3.83,3581200,191095953
764,2017-02-24,3.83,3.88,3.82,3.85,6921090,192069643
765,2017-02-23,3.8,3.85,3.8,3.84,4096480,191826642
766,2017-02-22,3.79,3.84,3.78,3.81,4547610,189889068
767,2017-02-21,3.76,3.8,3.76,3.78,4110740,188746827
768,2017-02-20,3.77,3.78,3.75,3.77,3128060,187919323
769,2017-02-19,3.79,3.79,3.74,3.76,2701490,187593272
770,2017-02-18,3.83,3.83,3.78,3.79,3209270,188971684
771,2017-02-17,3.78,3.84,3.77,3.83,4001350,190872607
772,2017-02-16,3.8,3.82,3.78,3.79,3991580,188646305
773,2017-02-15,3.77,3.82,3.76,3.81,2683590,189710832
774,2017-02-14,3.72,3.77,3.71,3.77,3994400,187737973
775,2017-02-13,3.77,3.77,3.7,3.72,4721650,185050282
776,2017-02-12,3.8,3.8,3.75,3.76,2706320,187313756
777,2017-02-11,3.78,3.8,3.77,3.79,3340840,188691480
778,2017-02-10,3.8,3.81,3.7,3.78,7918280,187848135
779,2017-02-09,4.03,4.08,3.71,3.8,21297300,188856895
780,2017-02-08,4.05,4.08,3.97,4.02,7016980,199965754
781,2017-02-07,4.05,4.08,4.04,4.04,6570650,200760049
782,2017-02-06,4.06,4.08,4.04,4.04,4972300,200881367
783,2017-02-05,4.07,4.07,4.02,4.04,4635400,200777192
784,2017-02-04,4.08,4.1,4.02,4.06,6926300,201470796
785,2017-02-03,4.08,4.11,4.04,4.08,8548470,202630541
786,2017-02-02,4.08,4.09,4.02,4.09,5175450,202711223
787,2017-02-01,4.08,4.13,4.03,4.08,7753930,202156361
788,2017-01-31,4.02,4.1,4.02,4.08,15799800,202257334
789,2017-01-30,3.86,4.02,3.86,4.02,10192700,199351481
790,2017-01-29,3.85,3.86,3.84,3.85,2804420,190910291
791,2017-01-28,3.85,3.87,3.84,3.85,3305270,190898187
792,2017-01-27,3.84,3.86,3.81,3.86,5049680,190988507
793,2017-01-26,3.71,3.84,3.71,3.83,5817220,189862991
794,2017-01-25,3.79,3.8,3.69,3.71,6863540,183877336
795,2017-01-24,3.84,3.84,3.78,3.79,2629220,187365782
796,2017-01-23,3.86,3.86,3.82,3.84,2725110,189765618
797,2017-01-22,3.9,3.92,3.82,3.84,2630830,190064917
798,2017-01-21,3.89,3.92,3.89,3.9,2717700,193053346
799,2017-01-20,3.86,3.91,3.84,3.89,3427180,192281661
800,2017-01-19,3.84,3.93,3.81,3.86,4090650,190764055
801,2017-01-18,3.94,3.95,3.78,3.84,4321020,189598850
802,2017-01-17,3.91,3.95,3.85,3.94,4816480,194519766
803,2017-01-16,3.92,3.96,3.87,3.9,8159260,192658075
804,2017-01-15,3.89,3.95,3.88,3.93,9341360,193747582
805,2017-01-14,3.89,3.95,3.87,3.9,3999180,192438807
806,2017-01-13,3.95,3.96,3.8,3.89,7720620,191902491
807,2017-01-12,3.84,4.02,3.78,3.96,13690900,195389834
808,2017-01-11,4.6,4.64,3.8,3.85,21863300,189604833
809,2017-01-10,4.3,4.68,4.29,4.59,15157900,226238984
810,2017-01-09,4.0,4.36,3.93,4.3,11165200,211907900
811,2017-01-08,3.96,4.02,3.9,3.99,11728600,196710013
812,2017-01-07,3.86,3.96,3.61,3.96,14628400,194746308
813,2017-01-06,4.3,4.35,3.84,3.86,11063700,190038395
814,2017-01-05,4.91,4.95,4.23,4.29,19196000,211212252
815,2017-01-04,4.63,4.84,4.63,4.84,13762400,237966484
816,2017-01-03,4.66,4.73,4.56,4.63,10055700,227483921
817,2017-01-02,4.52,4.74,4.48,4.65,14595300,228536448
818,2017-01-01,4.33,4.52,4.33,4.51,11337500,221718275
819,2016-12-31,4.39,4.4,4.29,4.33,9210720,212503138
820,2016-12-30,4.56,4.56,4.29,4.39,11912800,215644689
821,2016-12-29,4.58,4.63,4.51,4.56,9352850,223676935
822,2016-12-28,4.49,4.67,4.49,4.57,10319300,224386448
823,2016-12-27,4.37,4.58,4.33,4.47,9294450,219307108
824,2016-12-26,4.35,4.47,4.28,4.36,7603100,213643935
825,2016-12-25,4.56,4.57,4.22,4.35,11363100,213168342
826,2016-12-24,4.65,4.77,4.42,4.55,19773600,223125158
827,2016-12-23,3.72,4.66,3.71,4.66,15539100,228149363
828,2016-12-22,3.67,3.75,3.66,3.71,3657740,181850994
829,2016-12-21,3.66,3.69,3.65,3.65,2913250,178946727
830,2016-12-20,3.66,3.66,3.64,3.66,2335510,179271873
831,2016-12-19,3.68,3.68,3.65,3.66,2274070,179294513
832,2016-12-18,3.7,3.71,3.66,3.68,1951490,179940572
833,2016-12-17,3.63,3.71,3.61,3.7,2559210,180891699
834,2016-12-16,3.63,3.65,3.61,3.63,1625780,177452394
835,2016-12-15,3.61,3.65,3.6,3.62,2679340,177217751
836,2016-12-14,3.66,3.66,3.59,3.62,2618560,176928995
837,2016-12-13,3.67,3.7,3.65,3.65,1962750,178377518
838,2016-12-12,3.64,3.67,3.62,3.66,2465660,178912649
839,2016-12-11,3.69,3.69,3.63,3.64,1948170,177672525
840,2016-12-10,3.69,3.7,3.64,3.68,2093810,179687726
841,2016-12-09,3.69,3.71,3.68,3.69,1758140,180183369
842,2016-12-08,3.6,3.73,3.6,3.69,2683090,180109547
843,2016-12-07,3.54,3.63,3.51,3.62,2537240,176388678
844,2016-12-06,3.49,3.56,3.49,3.54,3007340,172406582
845,2016-12-05,3.88,3.92,3.33,3.53,11106200,172020407
846,2016-12-04,3.93,3.95,3.9,3.9,1908090,190052287
847,2016-12-03,3.95,3.95,3.91,3.92,1805780,191186224
848,2016-12-02,3.92,3.96,3.92,3.95,2559070,192221835
849,2016-12-01,3.91,3.92,3.89,3.91,1985600,190346608
850,2016-11-30,3.89,3.92,3.88,3.89,1857280,189543678
851,2016-11-29,3.89,3.9,3.87,3.87,2436960,188550246
852,2016-11-28,3.9,3.91,3.88,3.88,1726410,188976866
853,2016-11-27,3.91,3.92,3.88,3.88,1631940,188840590
854,2016-11-26,3.92,3.93,3.88,3.89,1782340,189349048
855,2016-11-25,3.91,3.92,3.89,3.92,2211790,190305090
856,2016-11-24,3.93,3.95,3.89,3.91,2089790,189869691
857,2016-11-23,3.97,3.97,3.92,3.93,2184200,190661739
858,2016-11-22,3.95,3.97,3.91,3.95,2347880,191671917
859,2016-11-21,3.93,3.96,3.92,3.94,1999840,191493664
860,2016-11-20,3.97,3.97,3.9,3.92,2680300,190322156
861,2016-11-19,3.98,3.98,3.94,3.95,2048720,191811705
862,2016-11-18,3.96,4.0,3.94,3.96,2650960,192117402
863,2016-11-17,4.06,4.07,3.94,3.94,3120160,191181641
864,2016-11-16,3.9,4.03,3.9,4.02,4232760,194823409
865,2016-11-15,3.89,3.96,3.86,3.89,3032290,188664991
866,2016-11-14,3.88,3.89,3.86,3.88,2525810,187763726
867,2016-11-13,3.77,3.91,3.69,3.88,3344370,187793621
868,2016-11-12,3.81,3.83,3.75,3.76,2592430,182214528
869,2016-11-11,3.84,3.84,3.8,3.82,2124360,184683452
870,2016-11-10,3.86,3.87,3.81,3.82,2334820,185020476
871,2016-11-09,3.85,3.94,3.81,3.86,2894790,186910333
872,2016-11-08,3.84,3.86,3.82,3.84,2493340,185797751
873,2016-11-07,3.89,3.89,3.79,3.84,2806430,185558516
874,2016-11-06,3.86,3.92,3.84,3.89,2192880,187941022
875,2016-11-05,3.88,3.93,3.85,3.87,2318820,186796717
876,2016-11-04,3.86,3.89,3.82,3.88,3481430,187331688
877,2016-11-03,4.11,4.18,3.81,3.86,5883490,186428794
878,2016-11-02,4.09,4.13,4.05,4.1,3646100,198109559
879,2016-11-01,4.0,4.15,3.99,4.09,4714890,197264086
880,2016-10-31,4.04,4.05,3.98,3.99,3893350,192650974
881,2016-10-30,4.1,4.1,4.02,4.03,4364420,194515844
882,2016-10-29,3.98,4.1,3.97,4.09,5732580,197172900
883,2016-10-28,4.04,4.04,3.95,3.97,4260230,191472767
884,2016-10-27,3.96,4.06,3.96,4.02,6216070,193738394
885,2016-10-26,3.91,3.97,3.9,3.96,5418040,190729860
886,2016-10-25,3.87,3.92,3.87,3.9,3154970,187977543
887,2016-10-24,3.92,3.92,3.87,3.87,2999400,186205733
888,2016-10-23,3.89,3.94,3.89,3.92,3927550,188503414
889,2016-10-22,3.81,3.91,3.8,3.89,3858130,186897442
890,2016-10-21,3.79,3.83,3.76,3.81,2881980,182998023
891,2016-10-20,3.81,3.82,3.77,3.78,2417550,181674024
892,2016-10-19,3.85,3.86,3.78,3.8,2243800,182829267
893,2016-10-18,3.95,4.23,3.83,3.84,1790400,184472061
894,2016-10-17,3.89,3.92,3.86,3.91,1716740,187820567
895,2016-10-16,3.88,3.91,3.88,3.89,2160150,186560093
896,2016-10-15,3.9,3.91,3.87,3.87,1664980,185881497
897,2016-10-14,3.91,3.92,3.89,3.9,2142390,187040774
898,2016-10-13,3.75,3.92,3.75,3.91,3798640,187419177
899,2016-10-12,3.82,3.83,3.76,3.76,3154520,180263887
900,2016-10-11,3.8,3.84,3.79,3.82,2025380,182980637
901,2016-10-10,3.82,3.83,3.78,3.8,1420790,181914089
902,2016-10-09,3.84,3.85,3.81,3.82,1239070,182812939
903,2016-10-08,3.86,3.87,3.84,3.84,1544210,183856524
904,2016-10-07,3.84,3.86,3.83,3.86,1596220,184967981
905,2016-10-06,3.85,3.86,3.83,3.85,1415940,184158504
906,2016-10-05,3.83,3.85,3.83,3.84,1394850,183940961
907,2016-10-04,3.84,3.84,3.82,3.82,1116870,182929230
908,2016-10-03,3.85,3.85,3.83,3.84,1207110,183587392
909,2016-10-02,3.85,3.88,3.82,3.84,1373630,183737744
910,2016-10-01,3.85,3.86,3.84,3.85,1426340,184011016
911,2016-09-30,3.84,3.85,3.82,3.84,2104930,183588352
912,2016-09-29,3.84,3.86,3.83,3.85,1674200,183707883
913,2016-09-28,3.85,3.87,3.83,3.84,1905040,183288012
914,2016-09-27,3.86,3.87,3.84,3.85,1734250,183933209
915,2016-09-26,3.8,3.87,3.8,3.86,2148250,184190314
916,2016-09-25,3.8,3.81,3.78,3.81,1540650,181734767
917,2016-09-24,3.81,3.84,3.8,3.81,2118420,181526027
918,2016-09-23,3.77,3.82,3.76,3.81,1572350,181843127
919,2016-09-22,3.86,3.86,3.77,3.77,1445220,179621930
920,2016-09-21,3.87,3.87,3.76,3.84,3853090,183035891
921,2016-09-20,3.83,3.86,3.82,3.84,2263260,183063990
922,2016-09-19,4.04,4.2,3.82,3.83,1606420,182489373
923,2016-09-18,3.81,4.09,3.81,4.04,1727830,192536111
924,2016-09-17,3.8,3.82,3.8,3.81,1568340,181149424
925,2016-09-16,3.82,3.83,3.8,3.81,1663730,181129367
926,2016-09-15,3.83,3.84,3.8,3.81,1793220,181347917
927,2016-09-14,3.82,3.85,3.82,3.83,1322330,182256300
928,2016-09-13,3.83,3.85,3.81,3.82,2219650,181702836
929,2016-09-12,3.87,3.87,3.79,3.82,2454330,181721781
930,2016-09-11,3.97,3.99,3.85,3.86,2100480,183200109
931,2016-09-10,3.97,3.98,3.96,3.97,661652,188536390
932,2016-09-09,3.98,3.99,3.96,3.97,1450080,188523825
933,2016-09-08,3.97,4.01,3.96,3.99,2425520,189337884
934,2016-09-07,3.99,4.13,3.95,3.97,1988370,188401192
935,2016-09-06,3.98,3.99,3.95,3.97,1699160,188465757
936,2016-09-05,4.02,4.03,3.97,3.98,4245990,188734889
937,2016-09-04,3.89,4.04,3.88,4.01,4834060,190349808
938,2016-09-03,3.83,3.91,3.81,3.89,2484220,184333475
939,2016-09-02,3.84,3.84,3.81,3.82,1984050,181233098
940,2016-09-01,3.8,3.85,3.79,3.83,2241890,181532485
941,2016-08-31,3.81,3.81,3.78,3.8,1678550,179838040
942,2016-08-30,3.77,3.82,3.75,3.8,2315030,180094202
943,2016-08-29,3.74,3.79,3.74,3.76,2610000,177935748
944,2016-08-28,3.74,3.76,3.73,3.74,2380150,176944556
945,2016-08-27,3.82,3.83,3.73,3.74,6505780,176747462
946,2016-08-26,3.8,3.85,3.79,3.83,2392690,180931925
947,2016-08-25,3.86,3.87,3.78,3.8,3206370,179729188
948,2016-08-24,3.93,3.95,3.84,3.86,4425210,182180234
949,2016-08-23,3.66,4.01,3.66,3.93,12154100,185700968
950,2016-08-22,3.62,3.66,3.6,3.66,2685030,172727377
951,2016-08-21,3.62,3.63,3.6,3.62,1321380,170678858
952,2016-08-20,3.61,3.63,3.6,3.62,1642330,170646855
953,2016-08-19,3.61,3.62,3.6,3.6,1433570,170051073
954,2016-08-18,3.6,3.64,3.6,3.61,1645410,170136593
955,2016-08-17,3.65,3.65,3.59,3.6,1830120,169725129
956,2016-08-16,3.59,3.65,3.58,3.64,2302180,171483591
957,2016-08-15,3.65,3.68,3.57,3.58,3314040,168576528
958,2016-08-14,3.72,3.72,3.61,3.65,2655030,171973546
959,2016-08-13,3.71,3.75,3.68,3.71,2473190,174946591
960,2016-08-12,3.74,3.75,3.69,3.71,2025430,174651700
961,2016-08-11,3.72,3.75,3.64,3.74,2374230,176141058
962,2016-08-10,3.76,3.81,3.72,3.72,1656370,175156255
963,2016-08-09,3.78,3.78,3.74,3.76,1878160,176860442
964,2016-08-08,3.77,3.8,3.75,3.79,1379300,178015043
965,2016-08-07,3.76,3.81,3.75,3.78,1335400,177717112
966,2016-08-06,3.72,3.77,3.7,3.76,1371060,176719452
967,2016-08-05,3.74,3.74,3.7,3.73,1162030,175202901
968,2016-08-04,3.71,3.75,3.71,3.75,1593350,176057497
969,2016-08-03,3.64,3.74,3.59,3.72,2875880,174629766
970,2016-08-02,3.87,3.89,3.52,3.64,5039290,170835349
971,2016-08-01,4.06,4.06,3.86,3.86,1991690,181284625
972,2016-07-31,4.08,4.08,3.97,4.01,1921460,188282594
973,2016-07-30,4.08,4.09,4.06,4.06,1388580,190468950
974,2016-07-29,3.97,4.1,3.96,4.08,1744370,191144492
975,2016-07-28,3.97,3.99,3.96,3.97,1728410,185939721
976,2016-07-27,3.96,3.99,3.93,3.96,1847300,185328222
977,2016-07-26,4.04,4.05,3.93,3.97,2545920,185941344
978,2016-07-25,4.07,4.08,4.03,4.03,1535980,188779324
979,2016-07-24,4.06,4.08,4.04,4.07,1839420,190529253
980,2016-07-23,4.04,4.06,4.03,4.06,1568890,189829177
981,2016-07-22,4.13,4.14,4.03,4.04,2677970,188900219
982,2016-07-21,4.13,4.14,4.11,4.12,1422410,192676805
983,2016-07-20,4.15,4.16,4.11,4.13,1908710,192847707
984,2016-07-19,4.15,4.17,4.14,4.15,1563330,193918894
985,2016-07-18,4.2,4.2,4.14,4.15,1577810,193816056
986,2016-07-17,4.14,4.21,4.13,4.19,2155230,195701086
987,2016-07-16,4.15,4.16,4.11,4.13,1378140,192963678
988,2016-07-15,4.15,4.18,4.15,4.16,1668020,194164042
989,2016-07-14,4.14,4.18,4.12,4.15,1663660,193579192
990,2016-07-13,4.16,4.18,4.13,4.14,2215370,193052822
991,2016-07-12,4.09,4.21,4.09,4.15,2734250,193673590
992,2016-07-11,4.12,4.19,4.06,4.09,3282920,190439126
993,2016-07-10,4.12,4.15,4.06,4.1,3039620,191042871
994,2016-07-09,4.24,4.24,3.97,4.16,6256370,193929348
995,2016-07-08,4.12,4.23,4.08,4.22,5033530,196522598
996,2016-07-07,4.5,4.53,3.95,4.11,6277860,191449459
997,2016-07-06,4.46,4.51,4.42,4.47,3238960,207987170
998,2016-07-05,4.56,4.56,4.36,4.45,4707390,207183863
999,2016-07-04,4.27,4.54,4.21,4.54,5062640,211223465
1000,2016-07-03,4.66,4.66,4.19,4.25,7659710,197792783
1001,2016-07-02,4.28,4.61,4.24,4.59,16646200,213377827
1002,2016-07-01,4.19,4.33,4.18,4.26,6987180,197787393
1003,2016-06-30,4.08,4.21,4.04,4.19,2864910,194823947
1004,2016-06-29,4.1,4.1,4.03,4.06,2211450,188651394
1005,2016-06-28,4.14,4.18,4.07,4.1,2867420,190391816
1006,2016-06-27,4.05,4.16,4.03,4.12,2749620,191220280
1007,2016-06-26,4.24,4.24,3.97,4.07,4480920,189041381
1008,2016-06-25,4.27,4.44,3.92,4.23,6057000,196352028
1009,2016-06-24,3.85,4.33,3.85,4.28,9364750,198430109
1010,2016-06-23,3.92,3.95,3.47,3.85,11138900,178501562
1011,2016-06-22,4.83,4.92,3.88,3.91,11522400,181241689
1012,2016-06-21,5.27,5.29,4.7,4.82,11984800,223395058
1013,2016-06-20,5.63,5.63,5.27,5.29,4154880,245221788
1014,2016-06-19,5.56,5.63,5.51,5.59,3760240,259003907
1015,2016-06-18,5.6,5.69,5.49,5.56,7878070,257349381
1016,2016-06-17,5.67,5.95,5.28,5.59,12383200,258801588
1017,2016-06-16,5.25,5.66,5.25,5.66,9930590,261843669
1018,2016-06-15,5.22,5.24,5.11,5.24,3917000,242293066
1019,2016-06-14,5.31,5.31,5.1,5.2,8488220,240563636
1020,2016-06-13,5.41,5.54,5.16,5.29,8668280,244477993
1021,2016-06-12,5.07,5.46,5.05,5.33,13753200,246401135
1022,2016-06-11,4.88,5.01,4.84,5.01,10294700,231560017
1023,2016-06-10,4.75,4.85,4.71,4.84,6975970,223452157
1024,2016-06-09,4.78,4.78,4.67,4.69,6438540,216606383
1025,2016-06-08,4.77,4.79,4.69,4.75,3507640,219076889
1026,2016-06-07,4.95,4.98,4.72,4.77,3881380,220048178
1027,2016-06-06,4.81,4.97,4.81,4.96,2993510,228662162
1028,2016-06-05,4.8,4.84,4.79,4.81,2257820,221840383
1029,2016-06-04,4.86,4.9,4.77,4.81,3214800,221548599
1030,2016-06-03,4.72,4.87,4.71,4.86,4061990,223913540
1031,2016-06-02,4.74,4.76,4.68,4.72,2121360,217123932
1032,2016-06-01,4.65,4.77,4.62,4.74,4577160,218259777
1033,2016-05-31,4.69,4.75,4.6,4.65,5187600,214037925
1034,2016-05-30,4.63,4.7,4.59,4.67,3805050,214927636
1035,2016-05-29,4.69,4.86,4.58,4.61,7351420,212056239
1036,2016-05-28,4.51,4.83,4.51,4.7,11564700,216179930
1037,2016-05-27,4.09,4.68,4.09,4.5,10821100,206943475
1038,2016-05-26,4.05,4.1,4.03,4.08,2530850,187628591
1039,2016-05-25,3.95,4.05,3.95,4.05,2765530,185880078
1040,2016-05-24,3.96,3.98,3.94,3.95,1742000,181491032
1041,2016-05-23,3.92,3.97,3.9,3.97,1868020,182201135
1042,2016-05-22,3.96,3.99,3.9,3.93,1849720,180377459
1043,2016-05-21,3.88,3.97,3.88,3.95,1938010,181461170
1044,2016-05-20,3.82,3.92,3.82,3.88,3638250,178034546
1045,2016-05-19,4.0,4.03,3.83,3.83,3380010,175796778
1046,2016-05-18,3.98,4.04,3.98,4.0,2377740,183530328
1047,2016-05-17,4.0,4.03,3.97,3.98,2663640,182548346
1048,2016-05-16,4.06,4.16,3.98,4.01,3632510,183559577
1049,2016-05-15,4.01,4.1,3.97,4.06,2096570,186088260
1050,2016-05-14,3.93,4.05,3.92,4.01,2444920,183599238
1051,2016-05-13,3.86,3.96,3.83,3.93,2624100,179678967
1052,2016-05-12,3.88,3.9,3.8,3.86,1798920,176471070
1053,2016-05-11,3.82,3.91,3.81,3.88,2458140,177585322
1054,2016-05-10,4.06,4.12,3.8,3.82,3688200,174641236
1055,2016-05-09,3.94,4.08,3.9,4.06,3120940,185430676
1056,2016-05-08,3.94,3.94,3.89,3.94,1783970,179970541
1057,2016-05-07,3.82,4.0,3.82,3.95,3278610,180613961
1058,2016-05-06,3.72,3.82,3.71,3.82,1899060,174553761
1059,2016-05-05,3.74,3.76,3.71,3.71,1702120,169555640
1060,2016-05-04,3.74,3.78,3.73,3.75,1716110,171003781
1061,2016-05-03,3.68,3.76,3.66,3.74,2363200,170686505
1062,2016-05-02,3.71,3.78,3.64,3.68,2667410,167873296
1063,2016-05-01,3.66,3.72,3.64,3.71,1911590,168960181
1064,2016-04-30,3.81,3.82,3.64,3.66,2502180,166838034
1065,2016-04-29,3.79,3.85,3.72,3.81,2467080,173795576
1066,2016-04-28,3.88,3.88,3.69,3.79,3952590,172599518
1067,2016-04-27,4.05,4.23,3.87,3.89,9435190,177156360
1068,2016-04-26,3.8,4.11,3.79,4.05,6717450,184202446
1069,2016-04-25,3.62,3.87,3.55,3.81,6605750,173490345
1070,2016-04-24,3.35,3.65,3.35,3.63,4502460,165243094
1071,2016-04-23,3.32,3.34,3.31,3.33,1383790,151665121
1072,2016-04-22,3.35,3.35,3.31,3.32,1569850,150927957
1073,2016-04-21,3.28,3.35,3.27,3.35,1688230,152119484
1074,2016-04-20,3.29,3.29,3.27,3.28,1638920,148983032
1075,2016-04-19,3.25,3.29,3.24,3.29,1333410,149242320
1076,2016-04-18,3.26,3.27,3.24,3.24,1317730,147159156
1077,2016-04-17,3.28,3.28,3.25,3.26,1211900,147898852
1078,2016-04-16,3.28,3.29,3.27,3.27,1155850,148581588
1079,2016-04-15,3.24,3.28,3.24,3.28,1404400,148766669
1080,2016-04-14,3.25,3.26,3.23,3.24,1190770,146942396
1081,2016-04-13,3.26,3.27,3.24,3.24,1295720,146862629
1082,2016-04-12,3.24,3.28,3.23,3.26,1305310,147655948
1083,2016-04-11,3.23,3.24,3.21,3.24,1061060,146900568
1084,2016-04-10,3.22,3.25,3.21,3.23,1417490,146184990
1085,2016-04-09,3.22,3.23,3.2,3.22,1224580,145650686
1086,2016-04-08,3.24,3.25,3.21,3.22,1352320,145793622
1087,2016-04-07,3.26,3.26,3.23,3.25,1150280,146888055
1088,2016-04-06,3.26,3.26,3.24,3.26,1088910,147322045
1089,2016-04-05,3.25,3.27,3.24,3.25,863788,147078962
1090,2016-04-04,3.26,3.27,3.22,3.25,1188610,146984045
1091,2016-04-03,3.26,3.27,3.25,3.26,1281200,147483988
1092,2016-04-02,3.25,3.28,3.24,3.26,1174830,147408312
1093,2016-04-01,3.25,3.26,3.23,3.24,1316230,146360614
1094,2016-03-31,3.23,3.27,3.22,3.26,1704440,147087412
1095,2016-03-30,3.23,3.28,3.2,3.22,1450290,145343005
1096,2016-03-29,3.26,3.28,3.2,3.23,1764730,145609600
1097,2016-03-28,3.3,3.3,3.26,3.26,1427140,147265578
1098,2016-03-27,3.23,3.32,3.23,3.3,2089890,149001614
1099,2016-03-26,3.23,3.24,3.21,3.23,1117430,145662124
1100,2016-03-25,3.23,3.24,3.21,3.23,1200290,145548074
1101,2016-03-24,3.25,3.25,3.22,3.22,1394180,145309420
1102,2016-03-23,3.23,3.25,3.22,3.24,1703040,146080442
1103,2016-03-22,3.2,3.24,3.2,3.23,1265140,145667370
1104,2016-03-21,3.21,3.21,3.19,3.2,507480,144097530
1105,2016-03-20,3.18,3.21,3.18,3.21,926158,144255203
1106,2016-03-19,3.17,3.19,3.16,3.18,617579,142981208
1107,2016-03-18,3.31,3.31,3.15,3.17,1502010,142551748
1108,2016-03-17,3.31,3.32,3.3,3.31,1038460,148686780
1109,2016-03-16,3.31,3.32,3.3,3.31,692940,148726141
1110,2016-03-15,3.3,3.33,3.29,3.31,747107,148514732
1111,2016-03-14,3.31,3.33,3.29,3.3,670283,148364556
1112,2016-03-13,3.29,3.32,3.28,3.31,1140930,148492590
1113,2016-03-12,3.39,3.39,3.27,3.29,1076560,147670027
1114,2016-03-11,3.29,3.4,3.29,3.38,1804450,151865739
1115,2016-03-10,3.28,3.29,3.25,3.29,898376,147465689
1116,2016-03-09,3.25,3.3,3.24,3.28,1247320,147072987
1117,2016-03-08,3.27,3.28,3.23,3.25,918434,145878063
1118,2016-03-07,3.22,3.27,3.2,3.27,1057270,146439563
1119,2016-03-06,3.19,3.25,3.17,3.22,1010650,144323561
1120,2016-03-05,3.25,3.25,3.13,3.19,1689010,142955542
1121,2016-03-04,3.32,3.35,3.25,3.25,1459960,145508900
1122,2016-03-03,3.36,3.36,3.31,3.32,1812040,148741681
1123,2016-03-02,3.43,3.44,3.37,3.37,1469810,150550494
1124,2016-03-01,3.45,3.45,3.41,3.43,1133580,153541990
1125,2016-02-29,3.44,3.49,3.42,3.45,1431670,154086523
1126,2016-02-28,3.41,3.47,3.36,3.44,986849,153848564
1127,2016-02-27,3.43,3.45,3.39,3.41,731107,152504035
1128,2016-02-26,3.37,3.42,3.32,3.42,1849390,152624340
1129,2016-02-25,3.39,3.4,3.33,3.37,1556360,150285617
1130,2016-02-24,3.4,3.42,3.32,3.37,1909510,150654791
1131,2016-02-23,3.49,3.52,3.38,3.4,2416790,151588515
1132,2016-02-22,3.47,3.51,3.43,3.48,2066780,155408222
1133,2016-02-21,3.46,3.58,3.4,3.46,3518950,154494927
1134,2016-02-20,3.27,3.5,3.26,3.46,3677250,154161953
1135,2016-02-19,3.26,3.27,3.23,3.25,1780240,144969129
1136,2016-02-18,3.25,3.27,3.23,3.25,1422270,144864866
1137,2016-02-17,3.23,3.26,3.2,3.24,1857460,144357019
1138,2016-02-16,3.2,3.22,3.18,3.21,1479430,142883821
1139,2016-02-15,3.23,3.25,3.17,3.18,1521240,141654638
1140,2016-02-14,3.15,3.21,3.15,3.21,1924190,142857614
1141,2016-02-13,3.12,3.14,3.11,3.13,1313500,139212762
1142,2016-02-12,3.09,3.12,3.08,3.11,1041630,138377005
1143,2016-02-11,3.11,3.13,3.07,3.08,1263660,136722154
1144,2016-02-10,3.09,3.13,3.08,3.1,1358800,137549499
1145,2016-02-09,3.08,3.08,3.05,3.08,1197280,136900626
1146,2016-02-08,3.09,3.11,3.06,3.06,964279,135996338
1147,2016-02-07,3.11,3.13,3.08,3.09,1168970,137008440
1148,2016-02-06,3.15,3.15,3.08,3.1,1394670,137541206
1149,2016-02-05,3.17,3.17,3.14,3.14,1211900,139198718
1150,2016-02-04,3.06,3.18,3.06,3.16,2059350,140277541
1151,2016-02-03,3.09,3.09,3.04,3.05,1406560,135123741
1152,2016-02-02,3.09,3.1,3.07,3.08,1279650,136331472
1153,2016-02-01,3.07,3.1,3.06,3.08,1502430,136343190
1154,2016-01-31,3.1,3.11,3.04,3.05,1450600,135182678
1155,2016-01-30,3.12,3.12,3.08,3.08,1298980,136414737
1156,2016-01-29,3.14,3.14,3.06,3.11,2555880,137730285
1157,2016-01-28,3.29,3.3,3.11,3.12,3075380,138078852
1158,2016-01-27,3.16,3.32,3.16,3.29,5341690,145437275
1159,2016-01-26,3.13,3.17,3.12,3.15,2926650,139521750
1160,2016-01-25,3.19,3.19,3.11,3.13,1940070,138255166
1161,2016-01-24,3.11,3.21,3.1,3.18,1806510,140583334
1162,2016-01-23,3.08,3.15,3.08,3.1,2384900,137112128
1163,2016-01-22,3.23,3.24,3.05,3.08,3589150,135880631
1164,2016-01-21,3.38,3.4,3.21,3.22,3665110,142203147
1165,2016-01-20,3.01,3.43,2.99,3.39,4438610,149562676
1166,2016-01-19,3.05,3.06,2.99,3.02,1626900,133140838
1167,2016-01-18,3.02,3.06,2.98,3.05,2304070,134488705
1168,2016-01-17,3.09,3.1,3.02,3.03,1905660,133437979
1169,2016-01-16,2.97,3.11,2.92,3.09,4170270,136073727
1170,2016-01-15,3.46,3.46,3.0,3.0,5117640,132055746
1171,2016-01-14,3.47,3.48,3.45,3.47,2044890,152683622
1172,2016-01-13,3.49,3.49,3.43,3.48,6745630,153077222
1173,2016-01-12,3.55,3.56,3.49,3.49,4566050,153806460
1174,2016-01-11,3.53,3.57,3.53,3.56,2931030,156518392
1175,2016-01-10,3.56,3.56,3.5,3.54,2462000,155590551
1176,2016-01-09,3.57,3.59,3.54,3.56,2934720,156586451
1177,2016-01-08,3.6,3.64,3.53,3.57,3277990,156901051
1178,2016-01-07,3.45,3.61,3.44,3.6,4560680,158399547
1179,2016-01-06,3.47,3.47,3.44,3.45,2208860,151734839
1180,2016-01-05,3.49,3.51,3.45,3.47,2104650,152390643
1181,2016-01-04,3.48,3.51,3.48,3.5,3309740,153467942
1182,2016-01-03,3.5,3.51,3.45,3.48,2406150,152873557
1183,2016-01-02,3.52,3.53,3.49,3.5,3020260,153658445
1184,2016-01-01,3.48,3.53,3.47,3.51,2791170,153910742
